-- phpMyAdmin SQL Dump
-- version 4.0.5
-- http://www.phpmyadmin.net
--
-- Host: 127.5.31.2:3306
-- Generation Time: Jan 22, 2014 at 08:26 AM
-- Server version: 5.1.71
-- PHP Version: 5.3.3

SET SQL_MODE = "NO_AUTO_VALUE_ON_ZERO";
SET time_zone = "+00:00";


/*!40101 SET @OLD_CHARACTER_SET_CLIENT=@@CHARACTER_SET_CLIENT */;
/*!40101 SET @OLD_CHARACTER_SET_RESULTS=@@CHARACTER_SET_RESULTS */;
/*!40101 SET @OLD_COLLATION_CONNECTION=@@COLLATION_CONNECTION */;
/*!40101 SET NAMES utf8 */;

--
-- Database: `fb`
--

-- --------------------------------------------------------

--
-- Table structure for table `answers`
--

CREATE TABLE IF NOT EXISTS `answers` (
  `id` int(11) unsigned NOT NULL AUTO_INCREMENT,
  `title` varchar(255) NOT NULL DEFAULT '',
  `contents` text NOT NULL,
  `question_id` int(11) unsigned NOT NULL,
  PRIMARY KEY (`id`),
  KEY `fk_answer` (`question_id`)
) ENGINE=InnoDB DEFAULT CHARSET=utf8 AUTO_INCREMENT=1 ;

-- --------------------------------------------------------

--
-- Table structure for table `apps`
--

CREATE TABLE IF NOT EXISTS `apps` (
  `id` int(11) unsigned NOT NULL AUTO_INCREMENT,
  `name` varchar(255) NOT NULL DEFAULT '',
  `fb_app_id` varchar(255) NOT NULL DEFAULT '',
  `fb_app_key` varchar(255) NOT NULL DEFAULT '',
  `fb_namespace` varchar(255) NOT NULL,
  PRIMARY KEY (`id`)
) ENGINE=InnoDB  DEFAULT CHARSET=utf8 AUTO_INCREMENT=16 ;

--
-- Dumping data for table `apps`
--

INSERT INTO `apps` (`id`, `name`, `fb_app_id`, `fb_app_key`, `fb_namespace`) VALUES
(14, 'うさぎが贈るいい話。', '607482862657829', 'a4ce64b19cb33bed175110208e6fab70', ''),
(15, '【dem­o­】­ク­イ­ズ­＆­診断占い', '1401102676806770', 'a000171127a722e1c01ec906a110456a', '');

-- --------------------------------------------------------

--
-- Table structure for table `facebook_users`
--

CREATE TABLE IF NOT EXISTS `facebook_users` (
  `id` int(11) unsigned NOT NULL AUTO_INCREMENT,
  `facebook_id` varchar(255) NOT NULL DEFAULT '',
  `name` varchar(255) NOT NULL DEFAULT '',
  `email` varchar(45) DEFAULT '',
  `gender` varchar(10) DEFAULT NULL,
  `relationship` varchar(45) DEFAULT NULL,
  `age` varchar(5) DEFAULT NULL,
  `birthday` date DEFAULT NULL,
  `hometown` varchar(255) DEFAULT NULL,
  `location` varchar(255) DEFAULT NULL,
  `created` datetime DEFAULT NULL,
  `finished` datetime DEFAULT NULL,
  `app_id` varchar(255) NOT NULL DEFAULT '',
  `question_id` int(11) unsigned NOT NULL,
  PRIMARY KEY (`id`),
  KEY `question_id` (`question_id`)
) ENGINE=InnoDB  DEFAULT CHARSET=utf8 AUTO_INCREMENT=3655 ;

--
-- Dumping data for table `facebook_users`
--

INSERT INTO `facebook_users` (`id`, `facebook_id`, `name`, `email`, `gender`, `relationship`, `age`, `birthday`, `hometown`, `location`, `created`, `finished`, `app_id`, `question_id`) VALUES
(3643, '100003109063760', 'Has Justlooker', 'dunghd@webdev.vn', 'male', 'It''s complicated', '26', '1988-05-20', NULL, 'Da Nang, Vietnam', '2014-01-21 06:29:41', '2014-01-21 06:32:27', '1401102676806770', 41),
(3644, '100003109063760', 'Has Justlooker', 'dunghd@webdev.vn', 'male', 'It''s complicated', '26', '1988-05-20', NULL, 'Da Nang, Vietnam', '2014-01-21 08:12:03', '2014-01-21 08:12:03', '1401102676806770', 58),
(3645, '100003109063760', 'Has Justlooker', 'dunghd@webdev.vn', 'male', 'It''s complicated', '26', '1988-05-20', NULL, 'Da Nang, Vietnam', '2014-01-21 08:12:40', '2014-01-21 13:24:36', '1401102676806770', 48),
(3646, '100003109063760', 'Has Justlooker', 'dunghd@webdev.vn', 'male', 'It''s complicated', '26', '1988-05-20', NULL, 'Da Nang, Vietnam', '2014-01-21 08:12:48', '2014-01-21 08:14:19', '1401102676806770', 49),
(3647, '100003109063760', 'Has Justlooker', 'dunghd@webdev.vn', 'male', 'It''s complicated', '26', '1988-05-20', NULL, 'Da Nang, Vietnam', '2014-01-21 10:41:31', '2014-01-22 02:17:24', '1401102676806770', 59),
(3648, '100003109063760', 'Has Justlooker', 'dunghd@webdev.vn', 'male', 'It''s complicated', '26', '1988-05-20', NULL, 'Da Nang, Vietnam', '2014-01-21 10:41:48', '2014-01-21 10:41:48', '1401102676806770', 42),
(3649, '100003109063760', 'Has Justlooker', 'dunghd@webdev.vn', 'male', 'It''s complicated', '26', '1988-05-20', NULL, 'Da Nang, Vietnam', '2014-01-21 10:42:05', '2014-01-21 10:42:26', '1401102676806770', 53),
(3650, '100002197222399', 'Nobuhiro Hariu', 'hariuriotxxx@gmail.com', 'male', NULL, '33', '1981-08-11', NULL, NULL, '2014-01-21 11:26:35', '2014-01-21 12:23:57', '1401102676806770', 54),
(3651, '100002197222399', 'Nobuhiro Hariu', 'hariuriotxxx@gmail.com', 'male', NULL, '33', '1981-08-11', NULL, NULL, '2014-01-21 11:28:39', '2014-01-21 11:28:39', '1401102676806770', 59),
(3652, '100003109063760', 'Has Justlooker', 'dunghd@webdev.vn', 'male', 'It''s complicated', '26', '1988-05-20', NULL, 'Da Nang, Vietnam', '2014-01-21 11:55:17', '2014-01-21 11:55:17', '1401102676806770', 54),
(3653, '100002197222399', 'Nobuhiro Hariu', 'hariuriotxxx@gmail.com', 'male', NULL, '33', '1981-08-11', NULL, NULL, '2014-01-21 12:25:29', '2014-01-21 12:25:29', '1401102676806770', 50),
(3654, '100000162725176', 'Bánh Bao', 'a12pct@gmail.com', 'male', NULL, '26', '1988-05-20', 'Da Nang, Vietnam', 'Da Nang, Vietnam', '2014-01-22 08:18:19', NULL, '1401102676806770', 59);

-- --------------------------------------------------------

--
-- Table structure for table `profiles`
--

CREATE TABLE IF NOT EXISTS `profiles` (
  `user_id` int(11) NOT NULL AUTO_INCREMENT,
  `lastname` varchar(50) NOT NULL DEFAULT '',
  `firstname` varchar(50) NOT NULL DEFAULT '',
  PRIMARY KEY (`user_id`)
) ENGINE=InnoDB  DEFAULT CHARSET=utf8 AUTO_INCREMENT=2 ;

--
-- Dumping data for table `profiles`
--

INSERT INTO `profiles` (`user_id`, `lastname`, `firstname`) VALUES
(1, 'Admin', 'Administrator');

-- --------------------------------------------------------

--
-- Table structure for table `profiles_fields`
--

CREATE TABLE IF NOT EXISTS `profiles_fields` (
  `id` int(10) NOT NULL AUTO_INCREMENT,
  `varname` varchar(50) NOT NULL,
  `title` varchar(255) NOT NULL,
  `field_type` varchar(50) NOT NULL,
  `field_size` varchar(15) NOT NULL DEFAULT '0',
  `field_size_min` varchar(15) NOT NULL DEFAULT '0',
  `required` int(1) NOT NULL DEFAULT '0',
  `match` varchar(255) NOT NULL DEFAULT '',
  `range` varchar(255) NOT NULL DEFAULT '',
  `error_message` varchar(255) NOT NULL DEFAULT '',
  `other_validator` varchar(5000) NOT NULL DEFAULT '',
  `default` varchar(255) NOT NULL DEFAULT '',
  `widget` varchar(255) NOT NULL DEFAULT '',
  `widgetparams` varchar(5000) NOT NULL DEFAULT '',
  `position` int(3) NOT NULL DEFAULT '0',
  `visible` int(1) NOT NULL DEFAULT '0',
  PRIMARY KEY (`id`),
  KEY `varname` (`varname`,`widget`,`visible`)
) ENGINE=InnoDB  DEFAULT CHARSET=utf8 AUTO_INCREMENT=3 ;

--
-- Dumping data for table `profiles_fields`
--

INSERT INTO `profiles_fields` (`id`, `varname`, `title`, `field_type`, `field_size`, `field_size_min`, `required`, `match`, `range`, `error_message`, `other_validator`, `default`, `widget`, `widgetparams`, `position`, `visible`) VALUES
(1, 'lastname', 'Last Name', 'VARCHAR', '50', '3', 1, '', '', 'Incorrect Last Name (length between 3 and 50 characters).', '', '', '', '', 1, 3),
(2, 'firstname', 'First Name', 'VARCHAR', '50', '3', 1, '', '', 'Incorrect First Name (length between 3 and 50 characters).', '', '', '', '', 0, 3);

-- --------------------------------------------------------

--
-- Table structure for table `questions`
--

CREATE TABLE IF NOT EXISTS `questions` (
  `id` int(11) unsigned NOT NULL AUTO_INCREMENT,
  `app_type` tinyint(2) DEFAULT '0',
  `app_id` int(11) unsigned NOT NULL,
  `title` varchar(255) NOT NULL DEFAULT '',
  `description` varchar(255) DEFAULT NULL,
  `image` varchar(255) DEFAULT NULL,
  `scenario` varchar(255) DEFAULT NULL,
  `contents` text NOT NULL,
  `anwser_result` text NOT NULL,
  `permissions` varchar(255) NOT NULL DEFAULT '',
  `fb_page_id` varchar(255) DEFAULT NULL,
  `fb_page_url` varchar(255) DEFAULT NULL,
  `fb_page_title` varchar(255) NOT NULL,
  `count` int(11) NOT NULL DEFAULT '0',
  `intro` text NOT NULL,
  `count_today` int(11) NOT NULL,
  `count_month` int(11) NOT NULL,
  `count_day` date NOT NULL,
  `is_publish` tinyint(4) NOT NULL DEFAULT '1',
  PRIMARY KEY (`id`),
  KEY `app_id` (`app_id`)
) ENGINE=InnoDB  DEFAULT CHARSET=utf8 AUTO_INCREMENT=60 ;

--
-- Dumping data for table `questions`
--

INSERT INTO `questions` (`id`, `app_type`, `app_id`, `title`, `description`, `image`, `scenario`, `contents`, `anwser_result`, `permissions`, `fb_page_id`, `fb_page_url`, `fb_page_title`, `count`, `intro`, `count_today`, `count_month`, `count_day`, `is_publish`) VALUES
(41, 0, 15, '《2014年》あなたの目標占い！', 'あなたの2014年の目標はどんな目標でしょう？', '07facebook_600.png', 'USER,RESULT1', '<div class="answer">\r\n<p>2014年の目標！</p>\r\n<br>\r\n<p>[RESULT1]</p>\r\n<br>\r\n<p>　　[USER]</p>\r\n</div>', '[@RESULT1@]\r\n【来世まで力を温存する！】\r\n【少し頑張る！】\r\n【無駄な努力はしない！】\r\n【精一杯、怠ける！】\r\n【大胆に攻める！】\r\n【本能のままに生きる！】\r\n【100人切りをやり遂げる！】\r\n【あまり調子に乗らない！】\r\n【衣服なんて軟弱ものは着ない！】\r\n【汚名を返上する！】\r\n【脱！ぼっち！】\r\n【真面目にふざける！】\r\n【スタイリッシュに生きる！】\r\n【高望みしない！】\r\n【何をされても、怒らない！】\r\n【我が道を突き進む！】\r\n【そろそろ自立する！】\r\n【あいつの唇を奪う！】\r\n【少し落ち着く！】\r\n【空気を読む！】\r\n【言い訳をしない！】\r\n【2015年に本気出す！】\r\n【もっと己を晒け出す！】\r\n【世界の頂点に立つ！】\r\n【主に守備力を強化する！】\r\n【主に攻撃力を強化する！】\r\n【主にMPを温存する！】\r\n【常に回復に徹する！】\r\n【友達の度肝を抜く！】\r\n【そろそろ成仏する！】\r\n【その前に【目標】←この漢字の読み方を調べる！】\r\n【拾い食いをやめる！】\r\n【脱！中二病！】\r\n【チョットだけ素直になってみる！】\r\n【もう泣かない！】\r\n【このまま快進撃を続ける！】\r\n【知らない人について行かない！】\r\n【現　状　維　持！】\r\n【欲しい物は全て手に入れる！】\r\n【最後まで諦めない！】\r\n【そろそろ現実と向き合う！】\r\n【極力頑張らない！】\r\n【少し頑張る！】\r\n【あいつらを見返す！】\r\n【本能のままに生きる！】\r\n【ヤリまくる！】\r\n【身を固める！】\r\n【脱！下ネタ！】\r\n【チョット性欲を抑える！】\r\n[/@RESULT1@]', 'email,user_birthday,user_hometown,user_location,publish_actions,user_likes,user_relationships,friends_birthday', '780779295270652', 'https://www.facebook.com/tadaimashindan', 'ただいま！', 3, '<div class="image">\r\n<h1><img src="/uploads/07contents.png" alt="alt" width="100%" /></h1>\r\n<p>あなたの2014年の目標はどんな目標でしょう？</p>\r\n<p>&nbsp;</p>\r\n<p><span style="color: #ff0000;">【次へ進む】</span>を押すと結果が見れるよ！</p>\r\n<p>&darr;</p>\r\n<p>&darr;</p>\r\n</div>', 3, 3, '0000-00-00', 1),
(42, 0, 15, 'もしも神様と電話がつながったら？診断 ', 'あなたは神様に「○○にしてください！」とお願いごとをしたようです。', '02facebook_600.png', 'USER,RESULT1,RESULT2', '<div class="answer">\r\n<p>[USER]「もしもし？神様ですか？」<br>\r\n神「そうじゃ」<br>\r\n[USER]「お願いします[RESULT1]にしてください！」<br>\r\n神「ふむ、叶えてやろう」<br>\r\n[USER]「ありがとうございます！オオオッ…」</p>\r\n\r\n<p>[USER]は[RESULT2]になった。</p>\r\n</div>', '[@RESULT1@]\r\n向井理\r\nリア充\r\n高身長\r\n天才\r\nアイドル\r\nお金持ち\r\n神\r\nモテる顔\r\n美声\r\n総理大臣\r\n漢\r\nオンナ\r\n社長\r\n[/@RESULT1@]\r\n[@RESULT2@]\r\n片栗粉\r\nうまい棒\r\n保田圭\r\n剛力彩芽\r\n平泉静\r\nプリキュア\r\nくまモン\r\nふなっしー\r\nひきこもり\r\nゾウリムシ\r\nミジンコ\r\n[/@RESULT2@]', 'email,user_birthday,user_hometown,user_location,publish_actions,user_likes,user_relationships,friends_birthday', '780779295270652', 'https://www.facebook.com/tadaimashindan', 'ただいま！', 1, '<div class="image">\r\n<h1><img src="/uploads/02contents.png" alt="alt" width="100%" /></h1>\r\n<p>あなたは神様に「○○にしてください！」とお願いごとをしたようです。</p>\r\n<p>&nbsp;</p>\r\n<p><span style="color: #ff0000;">【次へ進む】</span>を押すと結果が見れるよ！</p>\r\n<p>&darr;</p>\r\n<p>&darr;</p>\r\n</div>', 1, 1, '0000-00-00', 1),
(43, 0, 15, 'あなたを飲み物に例えると？診断', 'あなたの性格を飲み物に例えます。相性の良い飲み物もわかります！', '05facebook_600.png', 'USER,RESULT1,RESULT2', '<div class="answer">\r\n<p>[USER]を飲み物に例えると[RESULT1]</p>\r\n<p>[RESULT2]の人と相性が良い。</p>\r\n</div>', '[@RESULT1@]\r\n「ウォッカ」です。気が強く凛々しい人。いつも勝気に振舞っているが、実はこっそり泣いている。気難しい面も。\r\n「栄養ドリンク」です。いつも元気で行動力溢れる人。個性的でユニークだが、そのせいで人に避けられることも。\r\n「サイダー」です。生真面目な頑張り屋さん。バランスをとるのが上手。でもどこか地味で影が薄く、むっつりスケベ。\r\n「コーヒー」です。冷静沈着。時に厳しいが、好きな人の前では甘えん坊になる。ツンデレ。\r\n「レモネード」です。マイペースで少し天然。人とズレている事が多く、個性的だがある意味ちょっとアホ。でも気にしない。\r\n「カルピス」です。真面目な顔して不真面目。自己管理が苦手。実は凄く寂しがりやでベタベタするのが好き。\r\n「ビール」です。一見普通の人だが、実は変わってる。色んな考えを受け入れられる、柔らかい人でもある。\r\n「泥水」です。汚れ役。心が黒い。自分がすべてで他人はどうでもいい。お金が大好き。人がゴミのようだ。\r\n「ミルク」です。優しく純粋。人の笑顔で幸せになる暖かい人。でも実はちょっとエロい。\r\n「白ワイン」です。繊細で感受性豊か。自分の好きな事はとことん追求する。ちょっと自惚れやすい面もある。\r\n「野菜ジュース」です。健全で純粋。悪いことが大嫌いな正義感のある人。一方で心が狭く、他人を受け入れられなかったり。\r\n「コーラ」です。元気でお調子者。人には好かれやすいが、少し腹黒い一面も。ユーモラスな人。\r\n「日本酒」です。シャイ。控えめな性格だが器が広く、深みもある人。礼儀正しく基本的に真面目。\r\n「メロンソーダ」です。子どもの心を忘れない人。嫌なことはしない。わがまま。でも好きな人には何でもしたくなる。\r\n「緑茶」です。渋くて大人。ちょっと凝り性でオタク的なところがある。自分の意見を持っていて他人に振り回されない。\r\n「むぎ茶」です。活発でサバサバしている。細かいことは気にしない。ある意味適当。楽しいことが好き。\r\n「紅茶」です。ロマンチストで控えめ。色んな事を空想するが行動には起こせない。人見知りで自分の時間を大切にする。\r\n「水」です。嘘が嫌いな正直な人。ブレずにしっかりしている。ただちょっと印象が薄く、空気と化すことも。\r\n「オレンジジュース」です。爽やかな性格。滅多に怒らないが、怒ると怖い。色んな人に好かれる人気者。\r\n「カフェオレ」です。気分屋。気持ちがころころ入れ替わる。素直になれずに損をすることもしばしば。\r\n「赤ワイン」です。情熱的で積極的。新しいことが大好きだが、一方で飽き性でもある。甘やかされるとすぐふにゃふにゃになったり。\r\n[/@RESULT1@]\r\n[@RESULT2@]\r\n「ウォッカ」\r\n「栄養ドリンク」\r\n「サイダー」\r\n「コーヒー」\r\n「レモネード」\r\n「カルピス」\r\n「ビール」\r\n「泥水」\r\n「ミルク」\r\n「白ワイン」\r\n「野菜ジュース」\r\n「コーラ」\r\n「日本酒」\r\n「メロンソーダ」\r\n「緑茶」\r\n「むぎ茶」\r\n「紅茶」\r\n「水」\r\n「オレンジジュース」\r\n「カフェオレ」\r\n「赤ワイン」\r\n[/@RESULT2@]', 'email,user_birthday,user_hometown,user_location,publish_actions,user_likes,user_relationships,friends_birthday', '780779295270652', 'https://www.facebook.com/tadaimashindan', 'ただいま！', 0, '<div class="image">\r\n<h1><img src="/uploads/05contents.png" alt="alt" width="100%" /></h1>\r\n<p>あなたの性格を飲み物に例えます。相性の良い飲み物もわかります！</p>\r\n<p>&nbsp;</p>\r\n<p>&nbsp;</p>\r\n<p><span style="color: #ff0000;">【次へ進む】</span>を押すと結果が見れるよ！</p>\r\n<p>&darr;</p>\r\n<p>&darr;</p>\r\n</div>', 0, 0, '0000-00-00', 1),
(44, 0, 15, 'あなたを人気アニメ／マンガのキャラクターに例えると診断', 'あなたにぴったりなキャラクターを診断します。', '06facebook_600.png', 'USER,RESULT1,RESULT2', '<div class="answer">\r\n<p>[USER]をキャラクターに例えると[RESULT1][RESULT2]の人と相性が良い。</p>\r\n</div>', '[@RESULT1@]\r\n「孫悟空」です。目標を見つけると苦労は厭わない努力家。少し楽観的で天然だが、カッとなると誰も手を付けられない。\r\n「ナウシカ」です。心の広い愛情溢れる性格。たまに感情的にはなるが、他人の気持を考え行動できる人。\r\n「アイアンマン」です。ロマンチストで自信家。ちょっとワガママだがやることはやる。実は寂しがり屋で泣き虫。\r\n「カイジ」です。直感に優れた感性の人。頭の回転が早く、いざという時の決断力がスバ抜けている。だが普段は怠惰で無気力。\r\n「野原しんのすけ」です。人を笑顔にするのが好きな明るい人。ちょっとエッチな面もあり、子供のような純真さも持っている。\r\n「ミッキー」です。何でもこなす器用者。明るい性格で愛される人気者。だが一方でルールに厳しい面をもっている。ﾊﾊｯ。\r\n「江戸川コナン」です。知性溢れる理性的な人。基本的に冷静だが、二面性があり腹黒い面も。\r\n「碇シンジ」です。弱気で控えめな性格。すぐに自暴自棄になってしまうが、分別のある常識人でもある。優しく、素直。\r\n「ブラックジャック」です。一見怖く思われることが多いが、実は内面的で苦悩を抱えている。厳しく優しさを伝えられる人。\r\n「ルパン三世」です。飄々とした掴みどころのない人。欲望に素直で、アグレッシブ。ユニークでエッチ。\r\n「ピカチュウ」です。ﾋﾟｶﾁｭｰ！ﾋﾟｶｧ！ﾋﾟ…ﾋﾟｶｧｰ…？ﾋﾟｶｧ！ﾋﾟｶﾋﾟｶｰ♪ﾋﾟｶﾋﾟｯｶﾁｭｰｯ！！\r\n「空条承太郎」です。クールで渋い。様々な才能を持つ器用な人である一方、感情を表に出せない不器用な性格の人でもある。\r\n「ルフィ」です。情に厚く、自分の信念を強く持っている。少々おバカな面もあるが、人を惹きつける魅力がある。\r\n「加賀香子」です。とにかくストレートに感情を表すお嬢様タイプ。ただし、絶対に浮気をしませんし、あなたを裏切りません。\r\n[/@RESULT1@]\r\n[@RESULT2@]\r\n「孫悟空」\r\n「ナウシカ」\r\n「アイアンマン」\r\n「カイジ」\r\n「野原しんのすけ」\r\n「ミッキー」\r\n「江戸川コナン」\r\n「碇シンジ」\r\n「ブラックジャック」\r\n「ルパン三世」\r\n「ピカチュウ」\r\n「空条承太郎」\r\n「ルフィ」\r\n「加賀香子」\r\n[/@RESULT2@]', 'email,user_birthday,user_hometown,user_location,publish_actions,user_likes,user_relationships,friends_birthday', '780779295270652', 'https://www.facebook.com/tadaimashindan', 'ただいま！', 0, '<div class="image">\r\n<h1><img src="/uploads/06contents.png" alt="alt" width="100%" /></h1>\r\n<p>あなたにぴったりなキャラクターを診断します。</p>\r\n<p>&nbsp;</p>\r\n<p><span style="color: #ff0000;">【次へ進む】</span>を押すと結果が見れるよ！</p>\r\n<p>&darr;</p>\r\n<p>&darr;</p>\r\n</div>', 0, 0, '0000-00-00', 1),
(45, 0, 15, 'もしも好きな人に突然『ぎゅーってしていい？』って言われたら？診断', 'ドキドキが止まりません…。', '01facebook_600.png', 'USER,RESULT1', '<div class="answer">\r\n<p>[RESULT1]</p>\r\n</div>', '[@RESULT1@]\r\n好きな人「ぎゅーってしていい？」　[USER]「…」　好きな人「[USER]？」　[USER]「…」　好きな人「ぎゅーじゃなくてちゅーしちゃうよ？」　[USER]「えっ」　好きな人はあなたに顔を近づけてきた…\r\n好きな人「ぎゅーってしていい？」　[USER]「いいけど十秒だけだよ」　好きな人「えっ」　[USER]「約束守れないならさせない」　好きな人は仕方なく命令に従うことにしたようだ…\r\n好きな人「ぎゅーってしていい？」　[USER]「いいぞ！来い！」　好きな人「おう！」　好きな人はあなたを強く抱きしめてきた！\r\n好きな人「ぎゅーってしていい？」　[USER]「いいよ」　好きな人「…」　[USER]「どうしたの」　好きな人「やっぱりちゅーがいい…」　好きな人は照れている…\r\n好きな人「ぎゅーってしていい？」　[USER]「いいよ」　好きな人「誰ですかあなた通報しますよ」　好きな人は懐から素早く携帯を取り出した！\r\n好きな人「ぎゅーってしていい？」　[USER]「うん。ぎゅーっ」　好きな人「えっ」　[USER]「こっちからしたらダメだった？」　好きな人「…」　好きな人は黙って俯いたままもじもじしている…\r\n好きな人「ぎゅーってしていい？」　[USER]「うん」　好きな人「えっ」　[USER]「えっ」　好きな人「誰」\r\n好きな人「ぎゅーってしていい？」　[USER]「うん」　好きな人「そうやって誰にでも許可してんの？」　[USER]「えっ」　好きな人「どうなの？」　好きな人は何故か怒っている…\r\n好きな人「ぎゅーってしていい？」　[USER]「うん」　好きな人「ちゅーもしていい？」　[USER]「うん」　好きな人「エッチもしていい？」　[USER]「うん…えっ」　好きな人はあなたを押し倒してきた！\r\n好きな人「ぎゅーってしていい？」　[USER]「うん」　好きな人「ほんと？」　[USER]「ちゅーもしていいよ」　好きな人「えっ」　好きな人は口元を押さえて真っ赤になっている…\r\n好きな人「ぎゅーってしていい？」　[USER]「うん」　好きな人「よーし。ぎゅーっ」　好きな人は笑いながらあなたの首を絞めてきた！ \r\n好きな人「ぎゅーってしていい？」　[USER]「うん」　好きな人「よし、じゃあさっそく」　好きな人は懐から縄を取り出した…\r\n好きな人「ぎゅーってしていい？」　[USER]「うん」　好きな人「嘘に決まってんだろｗｗｗｗｗ」\r\n好きな人「ぎゅーってしていい？」　[USER]「えっ」　好きな人「ちゅーの方がいい？」　[USER]「う…うん…」　好きな人「了解」　好きな人は笑いながらあなたにキスをしてきた…\r\n好きな人「ぎゅーってしていい？」　[USER]「ぎゅー？ちゅーじゃなくて？」　好きな人「えっ」　[USER]「ちゅーがいいな」　好きな人「わ…わかった…」　好きな人は照れながらもあなたに顔を近づけてきた…\r\n好きな人「ぎゅーってしていい？」　[USER]「ぎゅー？ちゅーじゃなくて？」　好きな人「じゃあちゅーでいいからそっちからしてよ」　[USER]「えっ」　好きな人はにやにやしながらあなたを見つめている…\r\n好きな人「ぎゅーってしていい？」　[USER]「ぎゅーっ」　好きな人「えっ」　[USER]「したかったんでしょ？」　好きな人「いや…そうだけど…あの…」　好きな人は照れている…\r\n好きな人「ぎゅーってしていい？」　[USER]「ぎゅーって何？」　好きな人「えっ」　[USER]「ちゃんと言って」　好きな人「だ…抱きしめさせてください…」　[USER]「よし！」　あなたは好きな人に抱きついた！\r\n好きな人「ぎゅーってしていい？」　[USER]「ぎゅーって何？」　好きな人「えっ」　[USER]「ちゃんと言って」　好きな人「だ…抱きしめさせてください…」　[USER]「断る！」　好きな人はあなたの首を絞めてきた！\r\n好きな人「ぎゅーってしていい？」　[USER]「ここじゃ嫌だ…」　好きな人「ここじゃなかったらいいの？」　[USER]「うん…」　好きな人「そっか」　好きな人は微笑んであなたの手を握ってきた…\r\n好きな人「ぎゅーってしていい？」　[USER]「だめ」　好きな人「えっ」　[USER]「嘘だよ」　好きな人は無言であなたの頬を思いきりつねってきた！\r\n好きな人「ぎゅーってしていい？」　[USER]「だめ」　好きな人「えっ」　好きな人は今にも泣きそうに目を潤ませながらこちらを見ている…\r\n好きな人「ぎゅーってしていい？」　[USER]「だめって言ったら？」　好きな人「無理にでもするよ！」　[USER]「拒否権はないの？」　好きな人「ないよ！」　好きな人は満面の笑みであなたを抱きしめてきた！ \r\n好きな人「ぎゅーってしていい？」　[USER]「ちゅー？」　好きな人「そうじゃなくて、ぎゅー…」　[USER]「ちゅーでしょ？」　好きな人「いや…えっと…」　好きな人は照れている…\r\n好きな人「ぎゅーってしていい？」　[USER]「ちゅーは？」　好きな人「どっちもってこと？」　[USER]「うん」　好きな人「欲張りだね」　好きな人はあなたを抱きしめてキスをしてきた…\r\n好きな人「ぎゅーってしていい？」　[USER]「なんで？」　好きな人「…」　[USER]「言いたくない？」　好きな人「うん…」　[USER]「しょうがないなあ…」　あなたは静かに好きな人を抱きしめた…\r\n好きな人「ぎゅーってしていい？」　[USER]「なんで？」　好きな人「好きだから」　[USER]「何が？」　好きな人「えっと…」　好きな人は照れくさそうに俯いている…\r\n好きな人「ぎゅーってしていい？」　[USER]「なんでしたいの？」　好きな人「えっ」　[USER]「言わなきゃさせてあげないよ」　好きな人はもじもじしている…\r\n好きな人「ぎゅーってしていい？」　[USER]「やだ」　好きな人「そっか、じゃあいいや」　[USER]「えっ」　好きな人「なに？」　[USER]「あ…いや…」　好きな人はにやにやしながらあなたを見つめている…\r\n好きな人「ぎゅーってしていい？」　[USER]「何故そうしたいのか理由を述べよ」　好きな人「[USER]のことが好きだからです」　[USER]「くっ！100点だ！」　あなたと好きな人は熱い抱擁を交わした…\r\n好きな人「ぎゅーってしていい？」　[USER]「何故だ！」　好きな人「貴様のことが好きだからだ！」　[USER]「合格だ！」　あなたは好きな人に向かって大きく手を広げた！\r\n好きな人「ぎゅーってしていい？」　[USER]「貴様、よくそのような台詞を吐けるものだな」　好きな人「愛しているのだから仕方がないだろう」　[USER]「ふん…」　我らは熱い抱擁を交わした…\r\n好きな人「ぎゅーってしていい？」　[USER]「断る」　好きな人「待て。お前に拒否権はない」　[USER]「なんだと」　好きな人「黙って私にぎゅっとされていろ！」　好きな人はあなたを抱きしめてきた！ \r\n[/@RESULT1@]', 'email,user_birthday,user_hometown,user_location,publish_actions,user_likes,user_relationships,friends_birthday', '780779295270652', 'https://www.facebook.com/tadaimashindan', 'ただいま！', 0, '<div class="image">\r\n<h1><img src="/uploads/01contents.png" alt="alt" width="100%" /></h1>\r\n<p>ドキドキが止まりません&hellip;。</p>\r\n<p>&nbsp;</p>\r\n<p><span style="color: #ff0000;">【次へ進む】</span>を押すと結果が見れるよ！</p>\r\n<p>&darr;</p>\r\n<p>&darr;</p>\r\n</div>', 0, 0, '0000-00-00', 1),
(46, 0, 15, 'あなたのピュア度を表してみました！診断', '実はあなた…ピュアなんですね。', '03facebook_600.png', 'USER,RESULT1', '<div class="answer">\r\n<p>[USER]のピュア度は</p>\r\n<p>[RESULT1]</p>\r\n</div>', '[@RESULT1@]\r\n【 130％ 】　心が完璧に磨かれている。ホントにとても性格が良いし、他人の失敗を笑うなんて良心が許さない。清廉潔白な聖人ですね。\r\n【 0.00000000000002％ 】　心が汚れ切っている。めっちゃいやらしいし、仲間を裏切ることなら日常茶飯事。腹黒いヤツですね。\r\n【 100％ 】　心に一点の曇りもない。めちゃめちゃ献身的だし、仲間を裏切るなんて絶対にできない。根っからの善人ですね。\r\n【 99.99999999999992％ 】　心は驚きの白さ。めっちゃ性格が良いし、他人の不幸を喜ぶなんてできない。善意の塊みたいな人ですね。\r\n【 90.6％ 】　心がキレイに磨かれている。とても親切だし、公共の場で騒ぐことなど絶対ない。健全な心の持ち主ですね。\r\n【 －500％ 】　心が完全に壊れている。マジで呆れるほど態度が悪いし、人を差別することは無意識のうちにやってる。もはや手遅れですね。\r\n【 99.6％ 】　心がキレイに磨かれている。とても親切だし、ウソをつくことなど絶対ない。健全な心の持ち主ですね。\r\n【 100％ 】　心に一点の曇りもない。めちゃめちゃさわやかだし、他人を挑発するなんて絶対にできない。根っからの善人ですね。\r\n【 －95600％ 】　心は絶望と暗黒の中。マジで徹底して傲慢だし、悪意を持ってルールを無視するようなことを仕掛けてくる。恐ろしい悪魔ですね。\r\n【 100％ 】　心に一点の曇りもない。めちゃめちゃ友達思いだし、悪事を企むなんて絶対にできない。根っからの善人ですね。\r\n【 7660％ 】　心が澄み切っている。マジで驚くほど友達思いだし、自己保身に走るなんて考えたこともない。純真無垢な天使ちゃんですね。\r\n【 －100％ 】　もう心が壊れている。呆れるほどいやらしいし、仲間を裏切ることも自分さえ良ければそれでいい。まさに人間のクズですね。\r\n【 0％ 】　心が汚れでドロドロ。めちゃめちゃ傲慢だし、公共の場で騒ぐのは仕様です。マジで腹黒いヤツですね。\r\n【 80.8％ 】　心が清らか。かなり親切だし、他人の不幸を喜ぶのは大嫌い。クリーンで清潔な人ですね。\r\n 0.000000000000000000009％ 】　心が汚れ切っている。めっちゃ節操がないし、他人を挑発することなら日常茶飯事。腹黒いヤツですね。\r\n【 91.5％ 】　心がキレイに磨かれている。とても思いやりがあるし、八つ当たりすることなど絶対ない。健全な心の持ち主ですね。\r\n【 1550％ 】　心が澄み切っている。マジで驚くほどまじめだし、公共の場で騒ぐなんて考えたこともない。純真無垢な天使ちゃんですね。\r\n[/@RESULT1@]', 'email,user_birthday,user_hometown,user_location,publish_actions,user_likes,user_relationships,friends_birthday', '780779295270652', 'https://www.facebook.com/tadaimashindan', 'ただいま！', 0, '<div class="image">\r\n<h1><img src="/uploads/03contents.png" alt="alt" width="100%" /></h1>\r\n<p>あなたのピュア度を表してみました！診断</p>\r\n<p>&nbsp;</p>\r\n<p><span style="color: #ff0000;">【次へ進む】</span>を押すと結果が見れるよ！</p>\r\n<p>&darr;</p>\r\n<p>&darr;</p>\r\n</div>', 0, 0, '0000-00-00', 1),
(47, 0, 15, 'あなたのことが好きで好きで仕方ない人の誕生日占い。', 'あなたの事がすごく好きな人の誕生日を表示します。', '09facebook_600.png', 'USER,RESULT1,RESULT2,RESULT3', '<div class="answer">\r\n<p>[USER]のことが好きで好きで仕方ない人の誕生日</p>\r\n<p>[RESULT1]</p>\r\n<p>[RESULT2]</p>\r\n<p>[RESULT3]</p>\r\n</div>', '[@RESULT1@]\r\n1月1日\r\n1月2日\r\n1月3日\r\n1月4日\r\n1月5日\r\n1月6日\r\n1月7日\r\n1月8日\r\n1月9日\r\n1月10日\r\n1月11日\r\n1月12日\r\n1月13日\r\n1月14日\r\n1月15日\r\n1月16日\r\n1月17日\r\n1月18日\r\n1月19日\r\n1月20日\r\n1月21日\r\n1月22日\r\n1月23日\r\n1月24日\r\n1月25日\r\n1月26日\r\n1月27日\r\n1月28日\r\n1月29日\r\n1月30日\r\n1月31日\r\n2月1日\r\n2月2日\r\n2月3日\r\n2月4日\r\n2月5日\r\n2月6日\r\n2月7日\r\n2月8日\r\n2月9日\r\n2月10日\r\n2月11日\r\n2月12日\r\n2月13日\r\n2月14日\r\n2月15日\r\n2月16日\r\n2月17日\r\n2月18日\r\n2月19日\r\n2月20日\r\n2月21日\r\n2月22日\r\n2月23日\r\n2月24日\r\n2月25日\r\n2月26日\r\n2月27日\r\n2月28日\r\n3月1日\r\n3月2日\r\n3月3日\r\n3月4日\r\n3月5日\r\n3月6日\r\n3月7日\r\n3月8日\r\n3月9日\r\n3月10日\r\n3月11日\r\n3月12日\r\n3月13日\r\n3月14日\r\n3月15日\r\n3月16日\r\n3月17日\r\n3月18日\r\n3月19日\r\n3月20日\r\n3月21日\r\n3月22日\r\n3月23日\r\n3月24日\r\n3月25日\r\n3月26日\r\n3月27日\r\n3月28日\r\n3月29日\r\n3月30日\r\n3月31日\r\n4月1日\r\n4月2日\r\n4月3日\r\n4月4日\r\n4月5日\r\n4月6日\r\n4月7日\r\n4月8日\r\n4月9日\r\n4月10日\r\n4月11日\r\n4月12日\r\n4月13日\r\n4月14日\r\n4月15日\r\n4月16日\r\n4月17日\r\n4月18日\r\n4月19日\r\n4月20日\r\n4月21日\r\n4月22日\r\n4月23日\r\n4月24日\r\n4月25日\r\n4月26日\r\n4月27日\r\n4月28日\r\n4月29日\r\n4月30日\r\n5月1日\r\n5月2日\r\n5月3日\r\n5月4日\r\n5月5日\r\n5月6日\r\n5月7日\r\n5月8日\r\n5月9日\r\n5月10日\r\n5月11日\r\n5月12日\r\n5月13日\r\n5月14日\r\n5月15日\r\n5月16日\r\n5月17日\r\n5月18日\r\n5月19日\r\n5月20日\r\n5月21日\r\n5月22日\r\n5月23日\r\n5月24日\r\n5月25日\r\n5月26日\r\n5月27日\r\n5月28日\r\n5月29日\r\n5月30日\r\n5月31日\r\n6月1日\r\n6月2日\r\n6月3日\r\n6月4日\r\n6月5日\r\n6月6日\r\n6月7日\r\n6月8日\r\n6月9日\r\n6月10日\r\n6月11日\r\n6月12日\r\n6月13日\r\n6月14日\r\n6月15日\r\n6月16日\r\n6月17日\r\n6月18日\r\n6月19日\r\n6月20日\r\n6月21日\r\n6月22日\r\n6月23日\r\n6月24日\r\n6月25日\r\n6月26日\r\n6月27日\r\n6月28日\r\n6月29日\r\n6月30日\r\n7月1日\r\n7月2日\r\n7月3日\r\n7月4日\r\n7月5日\r\n7月6日\r\n7月7日\r\n7月8日\r\n7月9日\r\n7月10日\r\n7月11日\r\n7月12日\r\n7月13日\r\n7月14日\r\n7月15日\r\n7月16日\r\n7月17日\r\n7月18日\r\n7月19日\r\n7月20日\r\n7月21日\r\n7月22日\r\n7月23日\r\n7月24日\r\n7月25日\r\n7月26日\r\n7月27日\r\n7月28日\r\n7月29日\r\n7月30日\r\n7月31日\r\n8月1日\r\n8月2日\r\n8月3日\r\n8月4日\r\n8月5日\r\n8月6日\r\n8月7日\r\n8月8日\r\n8月9日\r\n8月10日\r\n8月11日\r\n8月12日\r\n8月13日\r\n8月14日\r\n8月15日\r\n8月16日\r\n8月17日\r\n8月18日\r\n8月19日\r\n8月20日\r\n8月21日\r\n8月22日\r\n8月23日\r\n8月24日\r\n8月25日\r\n8月26日\r\n8月27日\r\n8月28日\r\n8月29日\r\n8月30日\r\n8月31日\r\n9月1日\r\n9月2日\r\n9月3日\r\n9月4日\r\n9月5日\r\n9月6日\r\n9月7日\r\n9月8日\r\n9月9日\r\n9月10日\r\n9月11日\r\n9月12日\r\n9月13日\r\n9月14日\r\n9月15日\r\n9月16日\r\n9月17日\r\n9月18日\r\n9月19日\r\n9月20日\r\n9月21日\r\n9月22日\r\n9月23日\r\n9月24日\r\n9月25日\r\n9月26日\r\n9月27日\r\n9月28日\r\n9月29日\r\n9月30日\r\n10月1日\r\n10月2日\r\n10月3日\r\n10月4日\r\n10月5日\r\n10月6日\r\n10月7日\r\n10月8日\r\n10月9日\r\n10月10日\r\n10月11日\r\n10月12日\r\n10月13日\r\n10月14日\r\n10月15日\r\n10月16日\r\n10月17日\r\n10月18日\r\n10月19日\r\n10月20日\r\n10月21日\r\n10月22日\r\n10月23日\r\n10月24日\r\n10月25日\r\n10月26日\r\n10月27日\r\n10月28日\r\n10月29日\r\n10月30日\r\n10月31日\r\n11月1日\r\n11月2日\r\n11月3日\r\n11月4日\r\n11月5日\r\n11月6日\r\n11月7日\r\n11月8日\r\n11月9日\r\n11月10日\r\n11月11日\r\n11月12日\r\n11月13日\r\n11月14日\r\n11月15日\r\n11月16日\r\n11月17日\r\n11月18日\r\n11月19日\r\n11月20日\r\n11月21日\r\n11月22日\r\n11月23日\r\n11月24日\r\n11月25日\r\n11月26日\r\n11月27日\r\n11月28日\r\n11月29日\r\n11月30日\r\n12月1日\r\n12月2日\r\n12月3日\r\n12月4日\r\n12月5日\r\n12月6日\r\n12月7日\r\n12月8日\r\n12月9日\r\n12月10日\r\n12月11日\r\n12月12日\r\n12月13日\r\n12月14日\r\n12月15日\r\n12月16日\r\n12月17日\r\n12月18日\r\n12月19日\r\n12月20日\r\n12月21日\r\n12月22日\r\n12月23日\r\n12月24日\r\n12月25日\r\n12月26日\r\n12月27日\r\n12月28日\r\n12月29日\r\n12月30日\r\n12月31日\r\n[/@RESULT1@]\r\n[@RESULT2@]\r\n1月1日\r\n1月2日\r\n1月3日\r\n1月4日\r\n1月5日\r\n1月6日\r\n1月7日\r\n1月8日\r\n1月9日\r\n1月10日\r\n1月11日\r\n1月12日\r\n1月13日\r\n1月14日\r\n1月15日\r\n1月16日\r\n1月17日\r\n1月18日\r\n1月19日\r\n1月20日\r\n1月21日\r\n1月22日\r\n1月23日\r\n1月24日\r\n1月25日\r\n1月26日\r\n1月27日\r\n1月28日\r\n1月29日\r\n1月30日\r\n1月31日\r\n2月1日\r\n2月2日\r\n2月3日\r\n2月4日\r\n2月5日\r\n2月6日\r\n2月7日\r\n2月8日\r\n2月9日\r\n2月10日\r\n2月11日\r\n2月12日\r\n2月13日\r\n2月14日\r\n2月15日\r\n2月16日\r\n2月17日\r\n2月18日\r\n2月19日\r\n2月20日\r\n2月21日\r\n2月22日\r\n2月23日\r\n2月24日\r\n2月25日\r\n2月26日\r\n2月27日\r\n2月28日\r\n3月1日\r\n3月2日\r\n3月3日\r\n3月4日\r\n3月5日\r\n3月6日\r\n3月7日\r\n3月8日\r\n3月9日\r\n3月10日\r\n3月11日\r\n3月12日\r\n3月13日\r\n3月14日\r\n3月15日\r\n3月16日\r\n3月17日\r\n3月18日\r\n3月19日\r\n3月20日\r\n3月21日\r\n3月22日\r\n3月23日\r\n3月24日\r\n3月25日\r\n3月26日\r\n3月27日\r\n3月28日\r\n3月29日\r\n3月30日\r\n3月31日\r\n4月1日\r\n4月2日\r\n4月3日\r\n4月4日\r\n4月5日\r\n4月6日\r\n4月7日\r\n4月8日\r\n4月9日\r\n4月10日\r\n4月11日\r\n4月12日\r\n4月13日\r\n4月14日\r\n4月15日\r\n4月16日\r\n4月17日\r\n4月18日\r\n4月19日\r\n4月20日\r\n4月21日\r\n4月22日\r\n4月23日\r\n4月24日\r\n4月25日\r\n4月26日\r\n4月27日\r\n4月28日\r\n4月29日\r\n4月30日\r\n5月1日\r\n5月2日\r\n5月3日\r\n5月4日\r\n5月5日\r\n5月6日\r\n5月7日\r\n5月8日\r\n5月9日\r\n5月10日\r\n5月11日\r\n5月12日\r\n5月13日\r\n5月14日\r\n5月15日\r\n5月16日\r\n5月17日\r\n5月18日\r\n5月19日\r\n5月20日\r\n5月21日\r\n5月22日\r\n5月23日\r\n5月24日\r\n5月25日\r\n5月26日\r\n5月27日\r\n5月28日\r\n5月29日\r\n5月30日\r\n5月31日\r\n6月1日\r\n6月2日\r\n6月3日\r\n6月4日\r\n6月5日\r\n6月6日\r\n6月7日\r\n6月8日\r\n6月9日\r\n6月10日\r\n6月11日\r\n6月12日\r\n6月13日\r\n6月14日\r\n6月15日\r\n6月16日\r\n6月17日\r\n6月18日\r\n6月19日\r\n6月20日\r\n6月21日\r\n6月22日\r\n6月23日\r\n6月24日\r\n6月25日\r\n6月26日\r\n6月27日\r\n6月28日\r\n6月29日\r\n6月30日\r\n7月1日\r\n7月2日\r\n7月3日\r\n7月4日\r\n7月5日\r\n7月6日\r\n7月7日\r\n7月8日\r\n7月9日\r\n7月10日\r\n7月11日\r\n7月12日\r\n7月13日\r\n7月14日\r\n7月15日\r\n7月16日\r\n7月17日\r\n7月18日\r\n7月19日\r\n7月20日\r\n7月21日\r\n7月22日\r\n7月23日\r\n7月24日\r\n7月25日\r\n7月26日\r\n7月27日\r\n7月28日\r\n7月29日\r\n7月30日\r\n7月31日\r\n8月1日\r\n8月2日\r\n8月3日\r\n8月4日\r\n8月5日\r\n8月6日\r\n8月7日\r\n8月8日\r\n8月9日\r\n8月10日\r\n8月11日\r\n8月12日\r\n8月13日\r\n8月14日\r\n8月15日\r\n8月16日\r\n8月17日\r\n8月18日\r\n8月19日\r\n8月20日\r\n8月21日\r\n8月22日\r\n8月23日\r\n8月24日\r\n8月25日\r\n8月26日\r\n8月27日\r\n8月28日\r\n8月29日\r\n8月30日\r\n8月31日\r\n9月1日\r\n9月2日\r\n9月3日\r\n9月4日\r\n9月5日\r\n9月6日\r\n9月7日\r\n9月8日\r\n9月9日\r\n9月10日\r\n9月11日\r\n9月12日\r\n9月13日\r\n9月14日\r\n9月15日\r\n9月16日\r\n9月17日\r\n9月18日\r\n9月19日\r\n9月20日\r\n9月21日\r\n9月22日\r\n9月23日\r\n9月24日\r\n9月25日\r\n9月26日\r\n9月27日\r\n9月28日\r\n9月29日\r\n9月30日\r\n10月1日\r\n10月2日\r\n10月3日\r\n10月4日\r\n10月5日\r\n10月6日\r\n10月7日\r\n10月8日\r\n10月9日\r\n10月10日\r\n10月11日\r\n10月12日\r\n10月13日\r\n10月14日\r\n10月15日\r\n10月16日\r\n10月17日\r\n10月18日\r\n10月19日\r\n10月20日\r\n10月21日\r\n10月22日\r\n10月23日\r\n10月24日\r\n10月25日\r\n10月26日\r\n10月27日\r\n10月28日\r\n10月29日\r\n10月30日\r\n10月31日\r\n11月1日\r\n11月2日\r\n11月3日\r\n11月4日\r\n11月5日\r\n11月6日\r\n11月7日\r\n11月8日\r\n11月9日\r\n11月10日\r\n11月11日\r\n11月12日\r\n11月13日\r\n11月14日\r\n11月15日\r\n11月16日\r\n11月17日\r\n11月18日\r\n11月19日\r\n11月20日\r\n11月21日\r\n11月22日\r\n11月23日\r\n11月24日\r\n11月25日\r\n11月26日\r\n11月27日\r\n11月28日\r\n11月29日\r\n11月30日\r\n12月1日\r\n12月2日\r\n12月3日\r\n12月4日\r\n12月5日\r\n12月6日\r\n12月7日\r\n12月8日\r\n12月9日\r\n12月10日\r\n12月11日\r\n12月12日\r\n12月13日\r\n12月14日\r\n12月15日\r\n12月16日\r\n12月17日\r\n12月18日\r\n12月19日\r\n12月20日\r\n12月21日\r\n12月22日\r\n12月23日\r\n12月24日\r\n12月25日\r\n12月26日\r\n12月27日\r\n12月28日\r\n12月29日\r\n12月30日\r\n12月31日\r\n[/@RESULT2@]\r\n[@RESULT3@]\r\n1月1日\r\n1月2日\r\n1月3日\r\n1月4日\r\n1月5日\r\n1月6日\r\n1月7日\r\n1月8日\r\n1月9日\r\n1月10日\r\n1月11日\r\n1月12日\r\n1月13日\r\n1月14日\r\n1月15日\r\n1月16日\r\n1月17日\r\n1月18日\r\n1月19日\r\n1月20日\r\n1月21日\r\n1月22日\r\n1月23日\r\n1月24日\r\n1月25日\r\n1月26日\r\n1月27日\r\n1月28日\r\n1月29日\r\n1月30日\r\n1月31日\r\n2月1日\r\n2月2日\r\n2月3日\r\n2月4日\r\n2月5日\r\n2月6日\r\n2月7日\r\n2月8日\r\n2月9日\r\n2月10日\r\n2月11日\r\n2月12日\r\n2月13日\r\n2月14日\r\n2月15日\r\n2月16日\r\n2月17日\r\n2月18日\r\n2月19日\r\n2月20日\r\n2月21日\r\n2月22日\r\n2月23日\r\n2月24日\r\n2月25日\r\n2月26日\r\n2月27日\r\n2月28日\r\n3月1日\r\n3月2日\r\n3月3日\r\n3月4日\r\n3月5日\r\n3月6日\r\n3月7日\r\n3月8日\r\n3月9日\r\n3月10日\r\n3月11日\r\n3月12日\r\n3月13日\r\n3月14日\r\n3月15日\r\n3月16日\r\n3月17日\r\n3月18日\r\n3月19日\r\n3月20日\r\n3月21日\r\n3月22日\r\n3月23日\r\n3月24日\r\n3月25日\r\n3月26日\r\n3月27日\r\n3月28日\r\n3月29日\r\n3月30日\r\n3月31日\r\n4月1日\r\n4月2日\r\n4月3日\r\n4月4日\r\n4月5日\r\n4月6日\r\n4月7日\r\n4月8日\r\n4月9日\r\n4月10日\r\n4月11日\r\n4月12日\r\n4月13日\r\n4月14日\r\n4月15日\r\n4月16日\r\n4月17日\r\n4月18日\r\n4月19日\r\n4月20日\r\n4月21日\r\n4月22日\r\n4月23日\r\n4月24日\r\n4月25日\r\n4月26日\r\n4月27日\r\n4月28日\r\n4月29日\r\n4月30日\r\n5月1日\r\n5月2日\r\n5月3日\r\n5月4日\r\n5月5日\r\n5月6日\r\n5月7日\r\n5月8日\r\n5月9日\r\n5月10日\r\n5月11日\r\n5月12日\r\n5月13日\r\n5月14日\r\n5月15日\r\n5月16日\r\n5月17日\r\n5月18日\r\n5月19日\r\n5月20日\r\n5月21日\r\n5月22日\r\n5月23日\r\n5月24日\r\n5月25日\r\n5月26日\r\n5月27日\r\n5月28日\r\n5月29日\r\n5月30日\r\n5月31日\r\n6月1日\r\n6月2日\r\n6月3日\r\n6月4日\r\n6月5日\r\n6月6日\r\n6月7日\r\n6月8日\r\n6月9日\r\n6月10日\r\n6月11日\r\n6月12日\r\n6月13日\r\n6月14日\r\n6月15日\r\n6月16日\r\n6月17日\r\n6月18日\r\n6月19日\r\n6月20日\r\n6月21日\r\n6月22日\r\n6月23日\r\n6月24日\r\n6月25日\r\n6月26日\r\n6月27日\r\n6月28日\r\n6月29日\r\n6月30日\r\n7月1日\r\n7月2日\r\n7月3日\r\n7月4日\r\n7月5日\r\n7月6日\r\n7月7日\r\n7月8日\r\n7月9日\r\n7月10日\r\n7月11日\r\n7月12日\r\n7月13日\r\n7月14日\r\n7月15日\r\n7月16日\r\n7月17日\r\n7月18日\r\n7月19日\r\n7月20日\r\n7月21日\r\n7月22日\r\n7月23日\r\n7月24日\r\n7月25日\r\n7月26日\r\n7月27日\r\n7月28日\r\n7月29日\r\n7月30日\r\n7月31日\r\n8月1日\r\n8月2日\r\n8月3日\r\n8月4日\r\n8月5日\r\n8月6日\r\n8月7日\r\n8月8日\r\n8月9日\r\n8月10日\r\n8月11日\r\n8月12日\r\n8月13日\r\n8月14日\r\n8月15日\r\n8月16日\r\n8月17日\r\n8月18日\r\n8月19日\r\n8月20日\r\n8月21日\r\n8月22日\r\n8月23日\r\n8月24日\r\n8月25日\r\n8月26日\r\n8月27日\r\n8月28日\r\n8月29日\r\n8月30日\r\n8月31日\r\n9月1日\r\n9月2日\r\n9月3日\r\n9月4日\r\n9月5日\r\n9月6日\r\n9月7日\r\n9月8日\r\n9月9日\r\n9月10日\r\n9月11日\r\n9月12日\r\n9月13日\r\n9月14日\r\n9月15日\r\n9月16日\r\n9月17日\r\n9月18日\r\n9月19日\r\n9月20日\r\n9月21日\r\n9月22日\r\n9月23日\r\n9月24日\r\n9月25日\r\n9月26日\r\n9月27日\r\n9月28日\r\n9月29日\r\n9月30日\r\n10月1日\r\n10月2日\r\n10月3日\r\n10月4日\r\n10月5日\r\n10月6日\r\n10月7日\r\n10月8日\r\n10月9日\r\n10月10日\r\n10月11日\r\n10月12日\r\n10月13日\r\n10月14日\r\n10月15日\r\n10月16日\r\n10月17日\r\n10月18日\r\n10月19日\r\n10月20日\r\n10月21日\r\n10月22日\r\n10月23日\r\n10月24日\r\n10月25日\r\n10月26日\r\n10月27日\r\n10月28日\r\n10月29日\r\n10月30日\r\n10月31日\r\n11月1日\r\n11月2日\r\n11月3日\r\n11月4日\r\n11月5日\r\n11月6日\r\n11月7日\r\n11月8日\r\n11月9日\r\n11月10日\r\n11月11日\r\n11月12日\r\n11月13日\r\n11月14日\r\n11月15日\r\n11月16日\r\n11月17日\r\n11月18日\r\n11月19日\r\n11月20日\r\n11月21日\r\n11月22日\r\n11月23日\r\n11月24日\r\n11月25日\r\n11月26日\r\n11月27日\r\n11月28日\r\n11月29日\r\n11月30日\r\n12月1日\r\n12月2日\r\n12月3日\r\n12月4日\r\n12月5日\r\n12月6日\r\n12月7日\r\n12月8日\r\n12月9日\r\n12月10日\r\n12月11日\r\n12月12日\r\n12月13日\r\n12月14日\r\n12月15日\r\n12月16日\r\n12月17日\r\n12月18日\r\n12月19日\r\n12月20日\r\n12月21日\r\n12月22日\r\n12月23日\r\n12月24日\r\n12月25日\r\n12月26日\r\n12月27日\r\n12月28日\r\n12月29日\r\n12月30日\r\n12月31日\r\n[/@RESULT3@]', 'email,user_birthday,user_hometown,user_location,publish_actions,user_likes,user_relationships,friends_birthday', '780779295270652', 'https://www.facebook.com/tadaimashindan', 'ただいま！', 0, '<div class="image">\r\n<h1><img src="/uploads/09contents.png" alt="alt" width="100%" /></h1>\r\n<p>あなたの事がすごく好きな人の誕生日を表示します。</p>\r\n<p>&nbsp;</p>\r\n<p><span style="color: #ff0000;">【次へ進む】</span>を押すと結果が見れるよ！</p>\r\n<p>&darr;</p>\r\n<p>&darr;</p>\r\n</div>', 0, 0, '0000-00-00', 1),
(48, 1, 15, '【60秒で泣ける恋話】未送信のメール。', '愛する人を交通事故で亡くしたら、あなたはどうしますか？', 'love_fb600.png', '', '', '<div class="textarea">\r\n<h1><img src="/uploads/love_cont.png" alt="alt" width="100%" /></h1>\r\n<h1>【60秒で泣ける恋話】未送信のメール。</h1>\r\n私が彼と最初に出会ったのは会社の懇談会でした。<br />ふとしたことから一緒に遊ぶようになり、付き合いはじめました。<br /><br />私はもともと打たれ弱い性格だったので、彼にグチってしまうことが 多かったのです。<br />でも、彼はそんな私に嫌な顔一つせずに、優しい言葉をかけてくれたり、<br />励ましてくれていました。<br /><br />彼はグチ一つこぼさず、明るい人だったので、「悩みがないなんていいねー。」<br />なんて言ってしまったりすることもありました。<br /><br />しかし、彼との別れは突然訪れました。彼が交通事故で亡くなったのです。<br /><br /><br />彼のお葬式に行っても、まったく実感が湧きませんでした。<br />お葬式の後、彼の両親から彼の携帯を渡されました。<br /><br />携帯をいじっていると、送信されていない私宛のメールが たくさんあるのに気付きました。<br /><br />そのメールには仕事のグチや悩みごとなどがたくさん書いてありました。<br /><br />その瞬間、私は彼の辛さに気付かなかった自分のくやしさや、無神経な言葉を言った<br />自分への後悔、常に私を気遣っていてくれた彼への感謝で涙が止まりませんでした。<br /><br />あの日からもう1年以上になりますが、その携帯は大切にとってあります。</div>\r\n<div class="textarea">&nbsp;</div>\r\n<div class="textarea">&nbsp;</div>', 'email,user_birthday,user_hometown,user_location,publish_actions,user_likes,user_relationships,friends_birthday', '780779295270652', 'https://www.facebook.com/tadaimashindan', 'ただいま！', 2, '<div class="textarea">\r\n<h1><img src="/uploads/love_cont.png" alt="alt" width="100%" /></h1>\r\n<h1>【60秒で泣ける恋話】未送信のメール。</h1>\r\n<p>&nbsp;私が彼と最初に出会ったのは会社の懇談会でした。<br />ふとしたことから一緒に遊ぶようになり、付き合いはじめました。<br /><br />私はもともと打たれ弱い性格だったので、彼にグチってしまうことが 多かったのです。<br />でも、彼はそんな私に嫌な顔一つせずに、優しい言葉をかけてくれたり、<br />励ましてくれていました。<br /><br />彼はグチ一つこぼさず、明るい人だったので、「悩みがないなんていいねー。」<br />なんて言ってしまったりすることもありました。<br /><br />しかし、彼との別れは突然訪れました。彼が交通事故で亡くなったのです。</p>\r\n<p>彼の遺品には、作りかけのまま未送信の<br />私宛のメールがたくさんありました。<br />その内容は&hellip;</p>\r\n<p>&nbsp;</p>\r\n<p>&nbsp;</p>\r\n<p style="text-align: center;">&nbsp;<span style="color: #ff0000;">【次へ進む】</span>を押すと感動のラストが読めるよ！</p>\r\n<p style="text-align: center;">&darr;</p>\r\n<p style="text-align: center;">&darr;</p>\r\n</div>', 2, 2, '0000-00-00', 1);
INSERT INTO `questions` (`id`, `app_type`, `app_id`, `title`, `description`, `image`, `scenario`, `contents`, `anwser_result`, `permissions`, `fb_page_id`, `fb_page_url`, `fb_page_title`, `count`, `intro`, `count_today`, `count_month`, `count_day`, `is_publish`) VALUES
(49, 1, 15, '泣ける恋愛ショートストーリー【わかれよう。。。。】', '自分が交通事故で歩けなくなりました。あなたは恋人に相談できますか？それともこっそり別れを告げますか？', 'love_fb600.png', '', '', '<div class="textarea">\r\n<h1><img src="/uploads/love_cont.png" alt="alt" width="100%" /></h1>\r\n<h1>泣ける恋愛ショートストーリー【わかれよう。。。。】</h1>\r\n<p>&nbsp;俺には３年付き合った彼女がいたんだけど、２年前のある日彼女が事故に遭いました。<br />(俺と会う約束をしてて青信号を急いで渡ってたら右折した車にはねられた。)<br /><br />すぐ病院に運ばれた彼女はなんとか一命をとりとめたんだけど、生きてるのが奇跡ってぐらいの大事故で、<br />下半身不随、顔面マヒ、右足切断はのがれられない状態になってしまった。<br /><br />だけど俺、馬鹿なことに彼女が事故にあったなんて全く知らなくて、<br />彼女が事故にあった日も普通に家で彼女を待ってていつまで待ってもこないし<br />電話も繋がらないからイライラしてたり心配したりしてた。<br /><br />彼女の両親に連絡したら「今は家にいて勉強してる」とか言われるし、<br />「俺もう無理なのかな？なにか怒らせたのかな？」とか<br />へこみまくる毎日を過ごしていたある日、彼女からやっと一通のメールが。<br /><br />『わかれよう』<br /><br />見た瞬間「あぁ、やっぱり」って思って涙が止まらなかった。<br />電話をしてもでないし、メール送っても返事はなかった。<br /><br />あれだけ仲よかったのに、こんな終わり方とかどぉなんだよ！<br />と毎日怒りと悲しみで荒れ狂いながら友達と失恋の痛みを癒すために朝まで飲み歩いていた。<br /><br />半年ほどたったある日彼女の妹と偶然近所のコンビニで会った。(彼女とは地元が一緒)<br />俺の姿をみてビックリする妹に俺は笑いかけながら「元気？ミキ(彼女の名前)も元気にしてる？」<br />と聞いたら、妹はうつむいて何も話そうとしませんでした。<br /><br />「どしたん？」言いながら妹の頭を撫でてやると意を決したように<br />「お姉ちゃんのことまだｽｷ？」と聞かれました。<br />「めちゃめちゃ大好きだよ～」って苦笑いした途端妹の目に涙があふれでてきて、<br />「お姉ちゃんもケイタ(俺の名前)のこと大好きなん。ケイタを会わしたいよ」って泣きながら言われました。<br /><br />テンパる俺に妹が涙目で見つめながら<br />「ケイタはどんな姿のお姉ちゃんでも好きですか？」と聞いてきた。<br /><br />そして俺はやっと勘というものが働いた。<br />「ミキになにかあった？」<br />ゆっくり頷く妹をみて俺の目の前は真っ白になった。<br /><br />聞くと半年前、俺と遊ぶ約束したあの日に彼女は事故に遭った。<br />『わかれよう』ってメールは彼女に頼まれて妹が打って送ったという。<br /><br />「お姉ちゃんは今右足ないし、ほとんど喋れないし、オシッコも一人でできないし、字もかけないし、ケイタイも触れない。<br />　でもケイタからのメールや電話がある度に嬉しそうにしたり悲しそうにしたりしてる」と。<br /><br />俺は本当に自分が馬鹿だと思った。<br />悔しくて悔しくて仕方なかったし、なんで第６感が働いて彼女の危機を知れなかったのか、<br />もっと彼女の状態を知ろうとしなかったのか。<br />本当に悔しくて悲しくてその場で号泣してしまった。<br /><br />彼女の妹(あ、言い忘れてたけど彼女の妹は当時小４で、俺と彼女が１９歳でした。)と喫茶店で色々話をした。<br />彼女の今の状態、今でも俺が大好きでよく泣いてること、<br />「こんな状態で生きてても辛いだけ、楽しくない」って何度も自殺未遂を犯したこと。<br /><br />今の彼女の姿をみて俺は普通を装えるのか？<br />不安になりながらも俺は彼女に会う決心をしました。<br /><br />病室に入るとそこは無人でした。<br />「この時間はお姉ちゃんトレーニングの時間だからあと２０分ぐらいしたら帰ってくるよ」<br />妹が時計を見ながら言いました。<br /><br />部屋を見渡すと、ベッドには俺との写真や、二人でUSJに行った時に買ってあげたぬいぐるみが飾られ、<br />カレンダーには俺たちが付き合った７日の所に赤でいびつな形のハートマークが書かれていた。<br />動かしにくい手を動かして書いてくれたんだなぁと思いながら、色々な所に目をやる。<br />部屋にはかすかに彼女の匂いがするような気さえした。<br /><br />椅子に座って妹と話をしながら待つことにした。１分１分が物凄く長く感じる。<br />そして妹が言っていた予定時刻になった途端、<br />ノックと同時に病室の扉が開いて車椅子に乗った彼女と付き添いの看護婦さんが現われた。<br /><br />彼女が俺をみた途端動きが止まる。<br />俺は彼女に会ったら変わり果てた姿をみて泣いたり、ひいてしまったり、<br />普通に接することができないんじゃないかと不安だったけど<br />彼女を見た途端俺は嬉しくて嬉しくて嬉しくて気付いたら彼女を抱き締めていました。<br /><br />抱き締めた彼女は折れそうなくらい細くなっていて、<br />髪の毛からは俺の知ってるシャンプーじゃない匂いがしました。<br />でもすべてが彼女で懐かしくてたまりませんでした。<br /><br />「なんで言ってくれんかったん！」更に力を込めてぎゅー！と抱き締めた。<br />「ミキ・・・」彼女が一声一声をしぼりだすようにして俺の名前を呼んだ。<br /><br />彼女の顔を見ると、涙があふれていて、俺もつられて泣いてしまった。<br />・・・カッコ悪くてごめん。<br />気付いたら看護婦さんも妹も病室にはいなかった。<br />きっと気をきかせてくれたんだろう。<br />彼女の顔をマジマジとみる。<br />口が閉まらなくなってしまったようだが、目元や口元にあるホクロは俺のよく知ってる彼女だった。<br /><br />そして彼女にキスをして、<br />「気付いてやれんくてごめんな、ホンマ大好きやからもう一回付き合ってください」<br />ってまた彼女を抱き締めました。<br /><br />彼女は泣きながら何か言いましたが聞き取れませんでした。<br />俺が聞き返そうとすると彼女は無言で何度も頷いてくれた。<br /><br />「どんな姿のミキでも俺には必要な子だからね、<br />　ホンマに付き合ってくれてありがとう！」<br />って言いながら彼女の涙を何度も拭き取りました。<br />で、俺たちは晴れてまた付き合うことができました。<br />足がない分俺が彼女の足になって支えるし、<br />Ｈはできないけどキスできるし彼女とまたこうして隣同士でいれて幸せです。<br /><br />そしてついこの間、彼女がリハビリを受けてる間に机を開けたら一冊のノートがでてきました。<br /><br />こっそり中をみてみると、どうやら字を書く練習をするためのノートのようで、<br />一冊まるまる使いきっていました。<br />ガタガタの歪みきった字で『１』とか『２』とかいった数字や、<br />『りんご』『あかあお』といった簡単な単語が並んでいました。<br />そしてどんどんとページをめくっていくにつれ、俺の名前をたくさん練習した形跡が。<br />『ケイタに会いたい』<br />『ケイタ大好き』<br />『ケイタつらいよ』<br />『ケイタにあえなくてさみしい』<br />といった文章がたくさんでてきました。<br /><br />離れ離れの間俺のことをこんなにも必要としてくれて想ってくれてたのかと思うと涙がでてきました。<br />本当に彼女に出会えてよかったです！<br />で、今自分を振り替えるためにこの話を打ちながら婚姻届を貰ってきました！<br />今から彼女に渡します！ <br /><br /></p>\r\n<p>&nbsp;</p>\r\n<p>&nbsp;</p>\r\n<p style="text-align: center;">&nbsp;&darr;&darr;&darr;&darr;こちらもオススメ！！！&darr;&darr;&darr;&darr;</p>\r\n<p style="text-align: center;">■その他のおすすめの恋愛ストーリー</p>\r\n<p style="text-align: center;"><a href="/home/question?id=48">【感動する恋話】未送信のメール。</a></p>\r\n<p style="text-align: center;">&nbsp;</p>\r\n<p style="text-align: center;">&nbsp;</p>\r\n<p style="text-align: center;">【PR】</p>\r\n<p style="text-align: center;">お話を読んだ後は、動画を見て盛り上がりませんか？<br />2013年話題のアニメやドラマが16日間無料で見放題！</p>\r\n<p style="text-align: center;">あの【半沢直樹】や【進撃の巨人】ももちろん無料</p>\r\n<p style="text-align: center;">登録までたった3分★。</p>\r\n<p style="text-align: center;"><a href="http://h.accesstrade.net/sp/cc?rk=0100fbxv007gng">無料で動画をみる</a></p>\r\n</div>', 'email,user_birthday,user_hometown,user_location,publish_actions,user_likes,user_relationships,friends_birthday', '780779295270652', 'https://www.facebook.com/tadaimashindan', 'ただいま！', 3, '<div class="textarea">\r\n<h1><img src="/uploads/love_cont.png" alt="alt" width="100%" /></h1>\r\n<h1>泣ける恋愛ショートストーリー【わかれよう。。。。】</h1>\r\n<p>&nbsp;俺には３年付き合った彼女がいたんだけど、２年前のある日彼女が事故に遭いました。<br />(俺と会う約束をしてて青信号を急いで渡ってたら右折した車にはねられた。)<br /><br />すぐ病院に運ばれた彼女はなんとか一命をとりとめたんだけど、生きてるのが奇跡ってぐらいの大事故で、<br />下半身不随、顔面マヒ、右足切断はのがれられない状態になってしまった。<br /><br />だけど俺、馬鹿なことに彼女が事故にあったなんて全く知らなくて、<br />彼女が事故にあった日も普通に家で彼女を待ってていつまで待ってもこないし<br />電話も繋がらないからイライラしてたり心配したりしてた。<br /><br />彼女の両親に連絡したら「今は家にいて勉強してる」とか言われるし、<br />「俺もう無理なのかな？なにか怒らせたのかな？」とか<br />へこみまくる毎日を過ごしていたある日、彼女からやっと一通のメールが。<br /><br />『わかれよう』<br /><br />見た瞬間「あぁ、やっぱり」って思って涙が止まらなかった。<br />電話をしてもでないし、メール送っても返事はなかった。<br /><br />あれだけ仲よかったのに、こんな終わり方とかどぉなんだよ！<br />と毎日怒りと悲しみで荒れ狂いながら友達と失恋の痛みを癒すために朝まで飲み歩いていた。<br /><br />半年ほどたったある日彼女の妹と偶然近所のコンビニで会った。(彼女とは地元が一緒)<br />俺の姿をみてビックリする妹に俺は笑いかけながら「元気？ミキ(彼女の名前)も元気にしてる？」<br />と聞いたら、妹はうつむいて何も話そうとしませんでした。<br /><br />「どしたん？」言いながら妹の頭を撫でてやると意を決したように<br />「お姉ちゃんのことまだｽｷ？」と聞かれました。<br />「めちゃめちゃ大好きだよ～」って苦笑いした途端妹の目に涙があふれでてきて、<br />「お姉ちゃんもケイタ(俺の名前)のこと大好きなん。ケイタを会わしたいよ」って泣きながら言われました。<br /><br />テンパる俺に妹が涙目で見つめながら<br />「ケイタはどんな姿のお姉ちゃんでも好きですか？」と聞いてきた。<br />いったいどういう意味なのか&hellip;</p>\r\n<p>&nbsp;</p>\r\n<p>&nbsp;</p>\r\n<p style="text-align: center;">&nbsp;<span style="color: #ff0000;">【次へ進む】</span>を押すと感動のラストが読めるよ！</p>\r\n<p style="text-align: center;">&darr;</p>\r\n<p style="text-align: center;">&darr;</p>\r\n</div>', 3, 3, '0000-00-00', 1),
(50, 0, 15, '★☆30代推奨★☆昔遊んだファミコンカセット予想！', 'あなたが遊んだ事のあるファミコンカセットを勝手に予想します。', '10facebook_600.png', 'USER,RESULT1', '<div class="answer">\r\n<p>[USER]が遊んだファミコンカセットは</p>\r\n<p>[RESULT1]</p>\r\n</div>', '[@RESULT1@]\r\n「マリオブラザーズ」でしょう。カニにイラッと来ませんでしたか？\r\n「アイスクライマー」でしょう。２人プレイ、なつかしいですよね。\r\n「熱血高校ドッジボール部」でしょう。友達と対戦しませんでしたか？\r\n「キン肉マン マッスルタッグマッチ」でしょう。ブロッケンJr強すぎだと思いません？\r\n「ドラゴンクエスト」でしょう。ﾍﾝｼﾞｶﾞﾅｲ ﾀﾀﾞﾉｼｶﾊﾞﾈﾉﾖｳﾀﾞ。\r\n「いっき」でしょう。\r\n「スペランカー」でしょう。懐かしくありませんか？\r\n「ボンバーマン」でしょう。\r\n「高橋名人の冒険島」でしょう。1面でスケボーから岩にぶつかりませんでしたか？\r\n「スーパーマリオブラザーズ」でしょう。最初のクリボーで、死んだりしませんよね？\r\n「パックマン」でしょう。懐かしいですよね。\r\n「バルーンファイト」でしょう。1985年に一番最初に出たファミカセって、知ってました？\r\n「スパルタンX」でしょう。アチョー！！\r\n「ドラゴンボール 神龍の謎」でしょう。パンティーが…。\r\n「迷宮組曲」でしょう。最後までクリアはできなかったでしょう。\r\n「魔界村」でしょう。レッドウォーリアーで何度も死んだでしょう。\r\n「ツインビー」でしょう。ベルパワーアップの音、気持ちよくないですか？\r\n「ドラえもん」でしょう。IIコンマイクでフー！ってやりませんでした？\r\n「ロックマン」でしょう。とても面白かったでしょう。\r\n｢グラディウス｣でしょう。↑↑↓↓←→←→ABって…なんか違う？\r\n[/@RESULT1@]', 'email,user_birthday,user_hometown,user_location,publish_actions,user_likes,user_relationships,friends_birthday', '780779295270652', 'https://www.facebook.com/tadaimashindan', 'ただいま！', 1, '<div class="image">\r\n<h1><img src="/uploads/10contents.png" alt="alt" width="100%" /></h1>\r\n<p>あなたが遊んだ事のあるファミコンカセットを勝手に予想します！</p>\r\n<p>&nbsp;</p>\r\n<p><span style="color: #ff0000;">【次へ進む】</span>を押すと結果が見れるよ！</p>\r\n<p>&darr;</p>\r\n<p>&darr;</p>\r\n</div>', 1, 1, '0000-00-00', 1),
(51, 0, 15, '宿題が終わらなかった時の言い訳診断！', '言い訳を考えるだけなら今からでも間に合います！', '08facebook_600.png', 'USER,RESULT1', '<div class="answer">\r\n<p>先生「なんで宿題やってこなかった」</p>\r\n<p>[USER][RESULT1]</p>\r\n</div>', '[@RESULT1@]\r\n「やったんですけど家に忘れちゃって」\r\n「一応、自由研究はやったんですけど、18禁になっちゃって」\r\n「俺は休み中、村を襲うモンスターを狩って狩って狩りまくってたんですよ、そんな俺に対して言う言葉ですか？」\r\n「家が火事で宿題ごと燃えました」\r\n「犬に喰われました」\r\n「現実逃避から帰ってこれなくて」\r\n「今、日本のために自分にできることは何かと考えたら宿題なんてやってる暇ないでしょ！」\r\n「今の日本のことを考えたら、こんなちっぽけなことどうだっていいじゃいですか」\r\n「私がやりたくなるような宿題をださない先生が悪いんですよ」\r\n「私が宿題をやってる間にも世界ではどんどん命が消えていくんですよ。宿題なんかより、もっとやるべきことがあるんじゃないですか」\r\n「私に罰を与えた先生の事をPTAが学校にどう抗議し、先生がどのような処分を受けるのかが楽しみで仕方ないんです」\r\n「私のレベルに合わないからやるだけ時間の無駄だと思いまして」\r\n「私の自由研究は再生紙についてです。何が言いたいかというとプリントやノートから再生紙を作ってしまったので自由研究以外できませんでした」\r\n「私の提出した宿題は正直者にしか見えません」\r\n「私は宿題をやる暇があったら友達と遊びます。だって大人になってからもっと青春を楽しんどけばよかったって後悔したくありませんから」\r\n「紙がなくて困っている国の子どもたちのために送りました」\r\n「自分の胸に聞いてみな。思い当たることがあるはずだぜ」\r\n「失敗が人を成長させるんだよ」\r\n「宿題？何それおいしいの？」\r\n「宿題アレルギーなんです」\r\n「宿題が私にやられることを拒否したんです」\r\n「宿題が風に連れ去られました」\r\n「宿題ごときがこの私の自由な時間を妨害していいはずがない」\r\n「宿題なんかに縛られたくない」\r\n「宿題なんかやらなくたってテストで良い点をとれるってことを証明したくて」\r\n「宿題は私の心にあります」\r\n「宿題よりも大切なものを見つけてしまったからです\r\n「宿題をするのでもう一度夏休みを下さい」\r\n「宿題をするのでもう一度休みを下さい」\r\n「宿題をやらなかった時の先生の反応ってのが私の自由研究のテーマです。だから、今日中にまとめて明日提出します」\r\n「宿題をやらなくたっていいじゃない、人間だもの」\r\n「女遊びで忙しかったので」\r\n「親がやってくれなくて」\r\n「成績に関わる大事な物なので家で厳重に保管しています」\r\n「先生、それ以上はPTAに訴えますよ」\r\n「先生、どうしても分からなかったから放課後2人しかいない教室で手取り足取り教えてください★」\r\n「先生、叱るだけが教育ではないですよね」\r\n「先生、青春ってのは待ってくれないんですよ。私は宿題をやる暇があったら友達と遊びます。」\r\n「先生に御覧になっていただける程クオリティーの高いものができませんでした」\r\n「先生に怒られたくて」\r\n「先生みたいな人間が日本をダメにするんですよ」\r\n「遭難してました」\r\n「大人になってからもっと青春を楽しんどけばよかったって後悔したくないのでクラスのみんなと遊んでました」\r\n「痛い、ゴメンなさい何でもしますからそれだけは…さてと、今のを録音したんですけどこの録音テープ欲しかったら許してくれませんかね」\r\n「怒ってくれて結構ですよ。体罰も歓迎します。ただ、PTAがどう思うかは知りませんけど」\r\n「二次元から抜け出せなくて」\r\n「反抗期ですから」\r\n「夢の中でやりました」\r\n「妄想が忙しくて」\r\n「目の前に餓死しそうなヤギがいたから…」\r\n「両手両足を複雑骨折してて、あ、昨日全快しましたよ」\r\n[/@RESULT1@]', 'email,user_birthday,user_hometown,user_location,publish_actions,user_likes,user_relationships,friends_birthday', '780779295270652', 'https://www.facebook.com/tadaimashindan', 'ただいま！', 0, '<div class="image">\r\n<h1><img src="/uploads/08contents.png" alt="alt" width="100%" /></h1>\r\n<p>言い訳を考えるだけなら今からでも間に合います！</p>\r\n<p>&nbsp;</p>\r\n<p><span style="color: #ff0000;">【次へ進む】</span>を押すと結果が見れるよ！</p>\r\n<p>&darr;</p>\r\n<p>&darr;</p>\r\n</div>', 0, 0, '0000-00-00', 1),
(52, 0, 15, 'キスしようをあなた風につたえてみたら？診断！', 'あなたはどんな風に伝えるのでしょうか？', '11facebook_600.png', 'USER,RESULT1', '「キスしよう」を[USER]風に伝えると\r\n[RESULT1]になります。', '[@RESULT1@]\r\n「抱きついて良い…？キスして良い…？」\r\n「キ、キ、キキ…キ、ス…キスし…キスしよ///」\r\n「キスさせろぉぉぉぉぉお！！！」\r\n「欲しいなら、キ、キスしてやってもいいけど？（赤面）」\r\n「（笑顔で唇を付きだしてお尻ふりふり）」\r\n「（無言で唇を突き出す）」\r\n「黙れ小僧！お前にサンが救えるか！！」\r\n「どうしても欲しいって言うんなら仕方ないからキスしてあげてもいいけど？」\r\n「キスしてやろうか？ん？欲しいんでしょ？んん？」\r\n「ちゅうしよ？ちゅうしようよ、ねえちゅうしよ？」\r\n「（目を閉じて頬を赤らめながらじっと待つ）」\r\n「お主と接吻をしとうござる」\r\n「キス、させてください…///」\r\n「キスする？しないの？するでしょ？するよね？キスするでしょ？しないわけないよね？ね？ほらしよう？ね？」\r\n「キスして下さいでしょこのいやしい犬め！！」\r\n「100円あげるからキスさせてよ」\r\n「:( ﾞﾟ''ωﾟ''）:ウウウオオオアアアーーー！！！:( ﾞﾟ''ωﾟ''）:キスゥゥゥゥオオオアアアーーー！！！」\r\n「君の唇、凄く美味しそう…」\r\n「キスさせろオラァ！！！」\r\n「キスさせろよこの野郎！！」\r\n「さあ…キスの時間だよ…」\r\n「わたしの唇を味わうがよい！！」\r\n「バカになるまでキスしよう」\r\n「キスが嫌だというなら消えてもらう（銃を突きつけながら）」\r\n「あー…なんかキス的なアレとかしたいなあ…（ﾁﾗﾁﾗｯ）」\r\n「キース！キース！キース！うぇぇぇえええい！ｗｗｗｗｗｗｗｗｗ」\r\n「キスしたいにゃん☆」\r\n「苦しゅうない、接吻するがよいぞ」\r\n「ちゅー…しよ？///（上目遣い」\r\n「口、塞ぐよ？」\r\n「キスしてください、でしょ？」\r\n「唇に芋けんぴついてるよ☆」\r\n「あなたの唇をください」\r\n「うん、まあキスしようか！な！」\r\n「ふええ…キスしたいよぉ…」\r\n「キスしてくれないと激おこプンプン丸だお！！」\r\n「磯野ー！キスしようぜー！」\r\n「仕方ないからちゅーしてあげますよ…はぁ…」\r\n「あ、今すぐキスしないとしんじゃう病気になっちゃった！どうしよう！助けて！早く！」\r\n「唇と唇、つまりその上唇と下唇あわせて口唇と呼ばれるそれを重ね合わせる一般的にはキスと呼ばれている人間特有の愛情表現を意味する行為をしよう」\r\n「あ！キスしたいわ！」\r\n「キスミープリーズ！！」\r\n「接吻しましょう」\r\n「何かよだれが止まらないからきみの口で止めてくれない？」\r\n「あなたのキスをください」\r\n「キスしよう。それからエッチしよう」\r\n「ほら、唇を差し出しなさい」\r\n「キス、お一ついかがですか？」\r\n「ちゅっちゅしてくだちゃい！」\r\n「今キスするともれなく三万円プレゼント！！」\r\n「キスさせてくれないなら◯ぬ！！（ナイフを自分の喉に突きつけながら）」\r\n「べ、別にあなたとキスしたいなんてまったく思ってないんだからね！！」\r\n「はーい、キスのお時間ですよー」\r\n「唇、温めてあげようか？」\r\n「あー…キスしたいなあ…すっごくちゅーしたいなあ…（ﾁﾗｯ」\r\n「ぶちゅぶちゅしようぜｗｗｗｗｗｗｗｗｗｗ」\r\n「ｷｽｩ…ｵｳｩ…ｷｨｽｩ…ｵｵｵｫ…ｷｨｨｨｽｩｩｩｩ…」\r\n「ねえ…き、キ…キキ…キチュ…ちゅ…ちゅる…ちゅ…ちゅちゅ……何だよ！もういいよ！！」\r\n「お前の唇を貪り食わせてくれ」\r\n「ちゅーしまちょっ♪」\r\n「唇があなたを求めてる」\r\n「お願いします！ちゅーを！ちゅーをさせてください！！（土下座）」\r\n「あ、キスしようか」\r\n「いつキスするの？今でしょ！」\r\n「ﾄﾞｩﾌﾌｗｗｗｗｗせ、拙者接吻がしたいでござるｗｗｗｗｗｺﾎﾟｫｗｗｗｗｗﾌﾞﾌｫｗｗｗｗｗｗｗ」\r\n「舌、絡ませよう…？」\r\n「キスしたいなら、してやってもいいよ？」\r\n「今…俺のキスの雨が、君の唇に降る確率は100％だぜ…」\r\n「ちゅー、しよっか？」\r\n「キスしようよぉ…ねえ…しようよぉ…お願いだよぉ…させてよぉ…ねえ…ほらぁ…」\r\n[/@RESULT1@]', 'email,user_birthday,user_hometown,user_location,publish_actions,user_likes,user_relationships,friends_birthday', '780779295270652', 'https://www.facebook.com/tadaimashindan', 'ただいま！', 0, '<div class="image">\r\n<h1><img src="/uploads/11contents.png" alt="alt" width="100%" /></h1>\r\n<p>【大人気ジョークアプリシリーズ！！】</p>\r\n<p>あなたはどんな風に伝えるのでしょうか？</p>\r\n<p>&nbsp;</p>\r\n<p><span style="color: #ff0000;">【次へ進む】</span>を押すと結果が見れるよ！</p>\r\n<p>&darr;</p>\r\n<p>&darr;</p>\r\n</div>', 0, 0, '0000-00-00', 1),
(53, 1, 15, '60秒で感動シリーズ～詐欺～', 'もしも大金を失ったら、あなたはどうしますか？', 'cry_fb600.png', '', '', '<div class="textarea">\r\n<h1><img src="/uploads/cry_cont.png" alt="alt" width="100%" /></h1>\r\n<h1>【詐欺全文】</h1>\r\nアルゼンチンのプロゴルファー､ロベルト・デ・ビンセンツォは<br />あるトーナメントで優勝し､賞金の小切手を受け取って帰る準備をしていた｡<br /><br />彼が一人で駐車場に向かっていると､一人の女性が彼に話しかけてきた｡<br />彼女は彼の勝利をたたえた後､自分の子供は重い病気にかかって死に掛けているが、<br />お金がないために医者に見せることもできないのだと彼に伝えた。<br />それを聞いて哀れに思ったビンセンツォは<br />｢これが子供のために役立てば良いのだけど｣<br />と言って､獲得したばかりの賞金の小切手を彼女に握らせた｡<br /><br />翌週､彼がカントリークラブで食事をしているとテーブルにゴルフ協会の職員がやって来た｡<br />｢先週､駐車場にいたやつらが､君がトーナメントで勝った後､そこで若い女性に会っていたと言っていたが･･･｣<br />ビンセンツォはうなずいた｡<br />｢実は彼女は詐欺師なんだ｡病気の赤ん坊なんていないんだ｡<br />結婚すらしていないんだよ｡あなたは、だまされたんだ｣<br /><br />｢すると､死に掛けている赤ん坊なんていないのか?｣<br />｢そのとおりだ｣<br /><br />すると､ビンセンツォは笑いながらこう言った｡<br />｢そうか｡そいつは今週で一番の良い知らせだ｣<br /><br /><br /><br />彼の様なユーモアを持つ人になりたいものですね！！</div>\r\n<div class="textarea">&nbsp;</div>\r\n<div class="textarea">\r\n<p>&nbsp;</p>\r\n<p style="text-align: center;">&nbsp;&darr;&darr;&darr;&darr;こちらもオススメ！！！&darr;&darr;&darr;&darr;</p>\r\n<p style="text-align: center;">■その他のおすすめの恋愛ストーリー</p>\r\n<p style="text-align: center;">自分が交通事故で歩けなくなりました。<br />あなたは恋人に相談できますか？<br />それともこっそり別れを告げますか？</p>\r\n<p style="text-align: center;">&darr;&darr;&darr;</p>\r\n<p style="text-align: center;"><a href="https://demo-fblikeapi.rhcloud.com/home/question?id=30">泣ける恋愛ストーリー【わかれよう。。。。】</a></p>\r\n<p style="text-align: center;">&nbsp;</p>\r\n<p style="text-align: center;">突然の彼の死。<br />彼が恋人に送れずに未送信のままになっていた大量のメールの内容とは&hellip;</p>\r\n<p style="text-align: center;">&darr;&darr;&darr;</p>\r\n<p style="text-align: center;"><a href="https://fb-shindan.rhcloud.com/home/question?id=29">【感動する恋話】未送信のメール。</a></p>\r\n<br />&nbsp;\r\n<p style="text-align: center;">&nbsp;</p>\r\n<p style="text-align: center;">【PR】</p>\r\n<p style="text-align: center;">お話を読んだ後は、動画を見て盛り上がりませんか？<br />2013年話題のアニメやドラマが16日間無料で見放題！</p>\r\n<p style="text-align: center;">あの【半沢直樹】や【進撃の巨人】ももちろん無料</p>\r\n<p style="text-align: center;">登録までたった3分★。</p>\r\n<p style="text-align: center;"><a href="http://h.accesstrade.net/sp/cc?rk=0100fbxv007gng">無料で動画をみる</a></p>\r\n</div>', 'email,user_birthday,user_hometown,user_location,publish_actions,user_likes,user_relationships,friends_birthday', '780779295270652', 'https://www.facebook.com/tadaimashindan', 'ただいま！', 3, '<div class="textarea">\r\n<h1><img src="/uploads/cry_cont.png" alt="alt" width="100%" /></h1>\r\n<h1>【前向きになれるお話・詐欺】</h1>\r\n<p>アルゼンチンのプロゴルファー､ロベルト・デ・ビンセンツォは<br />あるトーナメントで優勝し､賞金の小切手を受け取って帰る準備をしていた｡<br /><br />彼が一人で駐車場に向かっていると､一人の女性が彼に話しかけてきた｡<br />彼女は彼の勝利をたたえた後､<br />自分の子供は重い病気にかかって死に掛けているが、<br />お金がないために医者に見せることもできないのだと彼に伝えた。</p>\r\n<p>それを聞いて哀れに思ったビンセンツォは<br />｢これが子供のために役立てば良いのだけど｣<br />と言って､獲得したばかりの賞金の小切手を彼女に握らせた｡<br /><br />翌週､彼がカントリークラブで食事をしていると<br />テーブルにゴルフ協会の職員がやって来た｡<br />｢先週､駐車場にいたやつらが､君がトーナメントで勝った後､<br />そこで若い女性に会っていたと言っていたが･･･｣<br />ビンセンツォはうなずいた｡<br />｢実は｢彼女は詐欺師なんだ｡病気の赤ん坊なんていないんだ｡<br />結婚すらしていないんだよ｡あなたは、だまされたんだ｣<br /><br />この後ビンセンツォはどんな言葉を職員に投げかけたのでしょうか&hellip;</p>\r\n<p>&nbsp;</p>\r\n<p>&nbsp;</p>\r\n<p style="text-align: center;">&nbsp;<span style="color: #ff0000;">【次へ進む】</span>を押すと感動のラストが読めるよ！</p>\r\n<p style="text-align: center;">&darr;</p>\r\n<p style="text-align: center;">&darr;</p>\r\n</div>', 3, 3, '0000-00-00', 1),
(54, 1, 15, '今すぐ使える10回言ってクイズ！～キャンパス編～', 'キャンパスと10回言った後の質問と答えはこちら！', 'quiz_fb.png', '', '', '<div class="textarea">\r\n<h1><img src="/uploads/qui_cont.png" alt="alt" width="100%" /></h1>\r\n<h1>【今すぐ使える10回言ってクイズ！～キャンパス編～】</h1>\r\nキャンパスってって10回言ってみて！<br />&darr;<br />01.キャンパス<br />02.キャンパス<br />03.キャンパス<br />04.キャンパス<br />05.キャンパス<br />06.キャンパス<br />07.キャンパス<br />08.キャンパス<br />09.キャンパス<br />10.キャンパス <br />\r\n<p><strong><span style="color: #ff0000;">Q.角度を、はかるのは？</span></strong></p>\r\n<p>コンパス！</p>\r\n<p>・</p>\r\n<p>・</p>\r\n<p>・</p>\r\n<p>ではなく、<strong><span style="color: #ff0000;">分度器</span></strong>です！</p>\r\n<p>友達に出して楽しんでみてね！！</p>\r\n</div>', 'email,user_birthday,user_hometown,user_location,publish_actions,user_likes,user_relationships,friends_birthday', '780779295270652', 'https://www.facebook.com/tadaimashindan', 'ただいま！', 3, '<div class="textarea">\r\n<h1><img src="/uploads/qui_cont.png" alt="alt" width="100%" /></h1>\r\n<h1>【今すぐ使える10回言ってクイズ！～キャンパス編～】</h1>\r\nキャンパスってって10回言ってみて！<br />&darr;<br />01.キャンパス<br />02.キャンパス<br />03.キャンパス<br />04.キャンパス<br />05.キャンパス<br />06.キャンパス<br />07.キャンパス<br />08.キャンパス<br />09.キャンパス<br />10.キャンパス <br />\r\n<p>○○○を、○○るのは？</p>\r\n<p>&nbsp;</p>\r\n<p>&nbsp;</p>\r\n<p style="text-align: center;">&nbsp;<span style="color: #ff0000;">【次へ進む】</span>を押すと問題の質問と答えが読めるよ！</p>\r\n<p style="text-align: center;">&darr;</p>\r\n<p style="text-align: center;">&darr;</p>\r\n</div>', 3, 3, '0000-00-00', 1),
(55, 1, 14, '今すぐ使える10回言ってクイズ！～東海道編～', '東海道と10回言った後の質問と答えはこちら！', 'quiz_fb.png', '', '', '<div class="textarea">\r\n<h1><img src="/uploads/qui_cont.png" alt="alt" width="100%" /></h1>\r\n<h1>【今すぐ使える10回言ってクイズ！～東海道編～】</h1>\r\n東海道ってって10回言ってみて！<br />&darr;<br />01.東海道<br />02.東海道<br />03.東海道<br />04.東海道<br />05.東海道<br />06.東海道<br />07.東海道<br />08.東海道<br />09.東海道<br />10.東海道 <br />\r\n<p><strong><span style="color: #ff0000;">Q.日本で一番北にある県は？</span></strong></p>\r\n<p>北海道！</p>\r\n<p>・</p>\r\n<p>・</p>\r\n<p>・</p>\r\n<p>ではなく、<strong><span style="color: #ff0000;">青森県</span></strong>です！日本で一番北にある<strong><span style="color: #ff0000;">県</span></strong>なので！</p>\r\n<p>友達に出して楽しんでみてね！！</p>\r\n<p>&nbsp;</p>\r\n<p style="text-align: center;">&nbsp;&darr;&darr;&darr;&darr;こちらもオススメ！！！&darr;&darr;&darr;&darr;</p>\r\n<p style="text-align: center;">■その他の10回言ってクイズ</p>\r\n<p style="text-align: center;"><a href="/home/question?id=35">【今すぐ使える10回言ってクイズ！】～キャンパス編～</a></p>\r\n</div>', 'email,user_birthday,user_hometown,user_location,publish_actions,user_likes,user_relationships,friends_birthday', '780779295270652', 'https://www.facebook.com/tadaimashindan', 'ただいま！', 0, '<div class="textarea">\r\n<h1><img src="/uploads/qui_cont.png" alt="alt" width="100%" /></h1>\r\n<h1>【今すぐ使える10回言ってクイズ！～東海道編～】</h1>\r\n東海道ってって10回言ってみて！<br />&darr;<br />01.東海道<br />02.東海道<br />03.東海道<br />04.東海道<br />05.東海道<br />06.東海道<br />07.東海道<br />08.東海道<br />09.東海道<br />10.東海道 <br />\r\n<p>&nbsp;</p>\r\n<p>○○で○○○○○○○は？</p>\r\n<br class="text_exposed_show" /><br />\r\n<p>&nbsp;</p>\r\n<p style="text-align: center;">&nbsp;<span style="color: #ff0000;">【次へ進む】</span>を押すと問題の質問と答えが読めるよ！</p>\r\n<p style="text-align: center;">&darr;</p>\r\n<p style="text-align: center;">&darr;</p>\r\n</div>', 0, 0, '0000-00-00', 1),
(56, 1, 15, '今すぐ使える10回言ってクイズ！～シャンプー編～', 'シャンプーと10回言った後の質問と答えはこちら！', 'quiz_fb.png', '', '', '<div class="textarea">\r\n<h1><img src="/uploads/qui_cont.png" alt="alt" width="100%" /></h1>\r\n<h1>【今すぐ使える10回言ってクイズ！～シャンプー編～】</h1>\r\nシャンプーってって10回言ってみて！<br />&darr;<br />01.シャンプー<br />02.シャンプー<br />03.シャンプー<br />04.シャンプー<br />05.シャンプー<br />06.シャンプー<br />07.シャンプー<br />08.シャンプー<br />09.シャンプー<br />10.シャンプー <br />\r\n<p><strong><span style="color: #ff0000;">Q.シャンプーの後かけるものは？</span></strong></p>\r\n<p>リンス！</p>\r\n<p>・</p>\r\n<p>・</p>\r\n<p>・</p>\r\n<p>ではなく、<strong><span style="color: #ff0000;">お湯</span></strong>です！</p>\r\n<p>友達に出して楽しんでみてね！！</p>\r\n<p>&nbsp;</p>\r\n<p style="text-align: center;">&nbsp;&darr;&darr;&darr;&darr;こちらもオススメ！！！&darr;&darr;&darr;&darr;</p>\r\n<p style="text-align: center;">■その他の10回言ってクイズ</p>\r\n<p style="text-align: center;"><a href="/home/question?id=36">【今すぐ使える10回言ってクイズ！】～東海道編～</a></p>\r\n<p style="text-align: center;"><a href="/home/question?id=35">【今すぐ使える10回言ってクイズ！】～キャンパス編～</a></p>\r\n</div>', 'email,user_birthday,user_hometown,user_location,publish_actions,user_likes,user_relationships,friends_birthday', '780779295270652', 'https://www.facebook.com/tadaimashindan', 'ただいま！', 0, '<div class="textarea">\r\n<h1><img src="/uploads/qui_cont.png" alt="alt" width="100%" /></h1>\r\n<h1>【今すぐ使える10回言ってクイズ！～シャンプー編～】</h1>\r\nシャンプーってって10回言ってみて！<br />&darr;<br />01.シャンプー<br />02.シャンプー<br />03.シャンプー<br />04.シャンプー<br />05.シャンプー<br />06.シャンプー<br />07.シャンプー<br />08.シャンプー<br />09.シャンプー<br />10.シャンプー <br />\r\n<p>&nbsp;</p>\r\n<p>○○○○○のあと○○○○○は？</p>\r\n<br class="text_exposed_show" /><br />\r\n<p>&nbsp;</p>\r\n<p style="text-align: center;">&nbsp;<span style="color: #ff0000;">【次へ進む】</span>を押すと問題の質問と答えが読めるよ！</p>\r\n<p style="text-align: center;">&darr;</p>\r\n<p style="text-align: center;">&darr;</p>\r\n</div>', 0, 0, '0000-00-00', 1),
(57, 1, 15, '60秒で感動シリーズ～阪神大震災～', '愛する人との仲を、見つめなおす機会になればと思います。', 'cry_fb600.png', '', '', '<div class="textarea">\r\n<h1><img src="/uploads/cry_cont.png" alt="alt" width="100%" /></h1>\r\n<h1>【阪神大震災】</h1>\r\n1995年1月16日に戻りたい。<br />当時21の私と彩はその日ちょっとしたことで喧嘩をしてしまった。<br />明らかに私が悪い理由で。<br />普段なら隣同士で寝るのにこの日はひとつの部屋で少し離れて寝た。<br /><br />17日の朝、大きな揺れがあった。あまりに大きな揺れにあわてている間に<br />すごい音と共に屋根などが崩れてきた。<br />運良く私も彩も無事だった。しかしお互いを確認するのは声だけだった。<br />二人の間には大きな瓦礫の壁があった。<br />私は窓の近い側だったので、隣近所の方が瓦礫を少しどけてくれて、<br />自力で出ることができた。<br />私は彩を助けるために近所の方と合わせて4人で瓦礫をどけようと必死だった。<br />彩は、「真っ暗で怖いけど、私は大丈夫だから」と叫んでいた。<br /><br />1時間か2時間か、時計もなく分からなかったが、ある程度作業が進んだ。<br />これなら助かると思った。<br />しかしそのとき周りの人が「隣の家から火の手が上がっている」と言った。<br />隣の家はこちらに傾いていた。<br />危険だと周りは言った。<br />皆、ピッチを上げて作業をした。しかしそのとき、隣の家が崩れてきた。<br />私も周りも、その場から反射的に離れた。そう、見捨ててしまった。<br /><br />どのくらいその場にいたのか分からない。ずっとその場にへたり込んで座っていた。<br /><br />「消防はどうして来てくれなかったんだ」「神はどうしてこのようなことをするのか」<br />「瓦礫をどけはじめたときにもっとうまくやっていれば、助かったんじゃないのか」<br />「見捨ててしまった･････････」「どうして自分も死ななかったのか」<br /><br />こんな言葉が頭をずっとめぐっていた。<br />周りは「しょうがなかったんだ」と言った。気に病むな・・・と、、、。<br />そんなこと、できるはずがないことは周りも分かっていただろう。<br />私はその言葉を聞いてから、ずっと泣いていた。<br />後日、瓦礫の山からともこの骨だけが見つかった。<br /><br />たった1.5メートルの距離の差だった。<br />たった1.5メートルの距離の差が「1番大切な人」を失う距離だった。<br />16日に喧嘩したことが、素直でなかった私が、最も失ってはならない<br />「大切な人」を失う結果にしたのだ。<br /><br />喧嘩をしていなければ、二人とも助かったかもしれない。<br />そうでなかったとしても、彩をひとりにすることはなかった。<br />そして、見捨てることも････。<br /><br />私は1995年1月16日に戻りたい。そして君と一緒にいたい。<br /><br />阪神大震災<br />経験をしていない人にとっては分からないことだと思う。<br />しかしそれはしょうがないことだとも思う。<br />ただ、これから1月17日に阪神大震災の話題が出たときに<br />いまさら・・・、とは言ってほしくない。<br />そういったことがあったことを知っておいてほしい。<br /><br />そして今恋愛をしている人に。<br />あなたは大切な人を手放さないで下さい。<br />今すぐにでも謝れることなら、すぐに謝ってください。<br />後から後悔しても、すべて戻ってこないのですから。&nbsp;</div>\r\n<div class="textarea">\r\n<p>&nbsp;</p>\r\n<p style="text-align: center;">&nbsp;&darr;&darr;&darr;&darr;こちらもオススメ！！！&darr;&darr;&darr;&darr;</p>\r\n<p style="text-align: center;">■その他のおすすめのストーリー</p>\r\n<p style="text-align: center;">自分が交通事故で歩けなくなりました。<br />あなたは恋人に相談できますか？<br />それともこっそり別れを告げますか？</p>\r\n<p style="text-align: center;">&darr;&darr;&darr;</p>\r\n<p style="text-align: center;"><a href="https://fb-shindan.rhcloud.com/home/question?id=39">泣ける恋愛ストーリー【わかれよう。。。。】</a></p>\r\n<p style="text-align: center;">&nbsp;</p>\r\n<p style="text-align: center;">突然の彼の死。<br />彼が恋人に送れずに未送信のままになっていた大量のメールの内容とは&hellip;</p>\r\n<p style="text-align: center;">&darr;&darr;&darr;</p>\r\n<p style="text-align: center;"><a href="https://fb-shindan.rhcloud.com/home/question?id=38">【感動する恋話】未送信のメール。</a></p>\r\n</div>', 'email,user_birthday,user_hometown,user_location,publish_actions,user_likes,user_relationships,friends_birthday', '780779295270652', 'https://www.facebook.com/tadaimashindan', 'ただいま！', 0, '<div class="textarea">\r\n<h1><img src="/uploads/cry_cont.png" alt="alt" width="100%" /></h1>\r\n<h1>【阪神大震災】</h1>\r\n1995年1月16日に戻りたい。<br />当時21の私と彩はその日ちょっとしたことで喧嘩をしてしまった。<br />明らかに私が悪い理由で。<br />普段なら隣同士で寝るのにこの日はひとつの部屋で少し離れて寝た。<br /><br />17日の朝、大きな揺れがあった。あまりに大きな揺れにあわてている間に<br />すごい音と共に屋根などが崩れてきた。<br />運良く私も彩も無事だった。しかしお互いを確認するのは声だけだった。<br />二人の間には大きな瓦礫の壁があった。<br />私は窓の近い側だったので、隣近所の方が瓦礫を少しどけてくれて、<br />自力で出ることができた。<br />私は彩を助けるために近所の方と合わせて4人で瓦礫をどけようと必死だった。<br />彩は、「真っ暗で怖いけど、私は大丈夫だから」と叫んでいた。<br /><br />1時間か2時間か、時計もなく分からなかったが、ある程度作業が進んだ。<br />これなら助かると思った。<br />しかしそのとき周りの人が「隣の家から火の手が上がっている」と言った。<br />隣の家はこちらに傾いていた。<br />危険だと周りは言った。<br />皆、ピッチを上げて作業をした。しかしそのとき、隣の家が崩れてきた。<br />私も周りも、その場から反射的に離れた。そう、見捨ててしまった。<br /><br />この後、最悪の結末が&hellip;<br /><br />\r\n<p class="textarea">&nbsp;</p>\r\n<p style="text-align: center;">&nbsp;<span style="color: #ff0000;">【次へ進む】</span>を押すとラストまで読めるよ！</p>\r\n<p style="text-align: center;">&darr;</p>\r\n<p style="text-align: center;">&darr;</p>\r\n</div>', 0, 0, '0000-00-00', 1),
(58, 0, 15, '「エッチしよう」をあなた風に伝えてみたら？診断', 'あなた風にエッチに誘うとどんな風に誘うのでしょうか？男性向けに作っておりますが、女性が診断しても面白い結果になるかもしれません。※下ネタ注意', '04contentsyou_600.png', 'USER,RESULT1', '「エッチしよう」を[USER]風に伝えると「[RESULT1]」になります。', '[@RESULT1@]\r\nおパコパコいたしましょう\r\n疼いて疼いてしかたないの…お願い…しよう…？\r\n脱ぐこと風の如く、優しく囁くこと林の如し、前戯の手は火の如く、俺のアレは山の如し\r\nしようよ…頼むわ…マジで…しようや…いやマジで…マジでマジ…お願いだって…マジで…\r\nラッセラーラッセラー！ラッセラッセラッセラァ！（腰を前後に振りながら\r\n先っぽ！先っぽだけだから！！\r\nえっちな気分にな～れ☆\r\n（無言で強く抱きしめる）\r\nほら、そこに四つん這いになりなさい\r\n（黙って相手の服を脱がしはじめる）\r\n君の可愛い喘ぎ声を聞かせてベッドで汗まみれになって汁まみれになってびちゃびちゃになろう\r\nズッコンバッコンしようか\r\n全部…めちゃくちゃに…して…///\r\nあぁー！すっげえヤリたーいっ！！\r\n（無言で身体を相手に擦りつけ始める）\r\n[/@RESULT1@]', 'email,user_birthday,user_hometown,user_location,publish_actions,user_likes,user_relationships,friends_birthday', '780779295270652', 'https://www.facebook.com/tadaimashindan', 'ただいま！', 1, '<div class="image">\r\n<h1><img src="/uploads/04contentsuyou.png" alt="alt" width="100%" /></h1>\r\n<p>あなた風にエッチに誘うとどんな風に誘うのでしょうか？<br />男性向けに作っておりますが、女性が診断しても面白い結果になるかもしれません。<br /><span style="color: #ff0000;">※下ネタ注意</span></p>\r\n<p>&nbsp;</p>\r\n<p><span style="color: #ff0000;">【次へ進む】</span>を押すと結果が見れるよ！</p>\r\n<p>&darr;</p>\r\n<p>&darr;</p>\r\n</div>', 1, 1, '0000-00-00', 1);
INSERT INTO `questions` (`id`, `app_type`, `app_id`, `title`, `description`, `image`, `scenario`, `contents`, `anwser_result`, `permissions`, `fb_page_id`, `fb_page_url`, `fb_page_title`, `count`, `intro`, `count_today`, `count_month`, `count_day`, `is_publish`) VALUES
(59, 1, 15, '【子供はみちゃダメ！！】ちょっと大人のアダルトクイズ。', '入れる前は硬いのに､出すとやわらかくなって主に紙で後始末するもの､なーんだ？', 'adult_fb.png', '', '', '<div class="textarea">\r\n<h1><img src="/uploads/adult_cont.png" alt="alt" width="100%" /></h1>\r\n<h1>【問題】</h1>\r\n入れる前は硬いのに､出すとやわらかくなって<br />主に紙で後始末するもの､なーんだ？<br /><br />\r\n<h1>【答え】</h1>\r\nガム <br /><br /> <br />みんなも分かったかな？<br><br></div>', 'email,user_birthday,user_hometown,user_location,publish_actions,user_likes,user_relationships,friends_birthday', '780779295270652', 'https://www.facebook.com/tadaimashindan', 'ただいま！', 13, '<div class="textarea">\r\n<h1><img src="/uploads/adult_cont.png" alt="alt" width="100%" /></h1>\r\n<h1>【18禁】子供は見ちゃダメ！ちょっと大人のアダルトクイズ第1問！</h1>\r\n<p>煩悩が多い人にはエッチな想像をしてしまうクイズです。<br /><span style="color: #ff0000;">※下ネタ注意</span></p>\r\n<p>【問題】<br /> 入れる前は硬いのに､出すとやわらかくなって<br />主に紙で後始末するもの､なーんだ？</p>\r\n<p><span style="color: rgb(128, 128, 128);">【ヒント】</span><br /><span style="color: rgb(128, 128, 128);">口に入れます。</span><br /><span style="color: rgb(128, 128, 128);">空気を入れると膨らむタイプのものもあるアレ、ですよ！</span></p>\r\n<p>&nbsp;</p>\r\n<p>&nbsp;</p>\r\n<p style="text-align: center;">&nbsp;<span style="color: #ff0000;">【次へ進む】</span>を押すと問題の答えが見れるよ！</p>\r\n<p style="text-align: center;">&darr;</p>\r\n<p style="text-align: center;">&darr;</p>\r\n</div>', 1, 1, '0000-00-00', 1);

-- --------------------------------------------------------

--
-- Table structure for table `users`
--

CREATE TABLE IF NOT EXISTS `users` (
  `id` int(11) NOT NULL AUTO_INCREMENT,
  `username` varchar(20) NOT NULL,
  `password` varchar(128) NOT NULL,
  `email` varchar(128) NOT NULL,
  `activkey` varchar(128) NOT NULL DEFAULT '',
  `create_at` timestamp NOT NULL DEFAULT CURRENT_TIMESTAMP,
  `lastvisit_at` timestamp NOT NULL DEFAULT '0000-00-00 00:00:00',
  `superuser` int(1) NOT NULL DEFAULT '0',
  `status` int(1) NOT NULL DEFAULT '0',
  PRIMARY KEY (`id`),
  UNIQUE KEY `username` (`username`),
  UNIQUE KEY `email` (`email`),
  KEY `status` (`status`),
  KEY `superuser` (`superuser`)
) ENGINE=InnoDB  DEFAULT CHARSET=utf8 AUTO_INCREMENT=2 ;

--
-- Dumping data for table `users`
--

INSERT INTO `users` (`id`, `username`, `password`, `email`, `activkey`, `create_at`, `lastvisit_at`, `superuser`, `status`) VALUES
(1, 'admin', '21232f297a57a5a743894a0e4a801fc3', 'webmaster@example.com', '9a24eff8c15a6a141ece27eb6947da0f', '2013-12-24 17:53:09', '2013-12-24 11:07:17', 1, 1);

--
-- Constraints for dumped tables
--

--
-- Constraints for table `answers`
--
ALTER TABLE `answers`
  ADD CONSTRAINT `fk_answer` FOREIGN KEY (`question_id`) REFERENCES `questions` (`id`) ON DELETE CASCADE;

--
-- Constraints for table `facebook_users`
--
ALTER TABLE `facebook_users`
  ADD CONSTRAINT `facebook_users_ibfk_1` FOREIGN KEY (`question_id`) REFERENCES `questions` (`id`) ON DELETE CASCADE;

--
-- Constraints for table `profiles`
--
ALTER TABLE `profiles`
  ADD CONSTRAINT `user_profile_id` FOREIGN KEY (`user_id`) REFERENCES `users` (`id`) ON DELETE CASCADE;

--
-- Constraints for table `questions`
--
ALTER TABLE `questions`
  ADD CONSTRAINT `questions_ibfk_1` FOREIGN KEY (`app_id`) REFERENCES `apps` (`id`) ON DELETE CASCADE;

/*!40101 SET CHARACTER_SET_CLIENT=@OLD_CHARACTER_SET_CLIENT */;
/*!40101 SET CHARACTER_SET_RESULTS=@OLD_CHARACTER_SET_RESULTS */;
/*!40101 SET COLLATION_CONNECTION=@OLD_COLLATION_CONNECTION */;
